,,dávka,produkt,vozík,adresa,vlna,poradi
,,17668888,1905002004,x,VDDDD07265,1454105,41761
,,17669000,5139302WIFIROU001,1195498,VDDDD09279,1454105,5361
,,17669006,C4-0000000000836,1195499,VBBBB00034,1454105,41761
,,17668828,23100000285,x,VBBBB03047,1454105,49107
,,17668828,23100000343,x,VCCCC03021,1454105,49107
,,17668828,231000003622,x,VBBBB01073,1454105,49107
,,17668828,35120347,x,VDDDD08213,1454105,49107
,,17668828,35120348,x,VDDDD05213,1454105,49107
,,17668828,HP-4P5L1AM,x,VBBBB02049,1454105,49107
,,17668828,LNN81YQ00LDCK,x,VBBBB02071,1454105,49107
,,17668828,517216615,x,VDDDD11241,1454105,49107
,,17668828,C4-0000000000725,x,VDDDD06213,1454105,49107
,,17668828,C4-0000000000726,x,VDDDD05209,1454105,49107
,,17668920,95SG108422,1195492,VDDDD07230,1454105,48644
,,17669004,231000003683,1195476,VBBBB00041,1454105,48644
,,17669001,231000003659,1195498,VDDDD10243,1454105,48644
,,17668925,22040710429,1195493,VDDDD06215,1454105,3583
,,17668902,34313284,1195491,VDDDD08231,1454105,19988
,,17668902,34313285,1195491,VDDDD07229,1454105,19988
,,17669051,C4-0000000000128,1195502,VBBBB01070,1454105,6742
,,17668943,95SG3592992,1195495,VDDDD05208,1454105,41761
,,17668943,C4-0000000000836,1195495,VBBBB00034,1454105,41761
,,17669005,231000003683,1195476,VBBBB00041,1454105,48644
,,17668975,95SG569,1195496,VDDDD05196,1454105,8322
,,17668997,231000003607,1195475,VBBBB00060,1454105,41761
,,17668998,231000003607,1195475,VBBBB00060,1454105,41761
,,17669007,23100000343,1195499,VCCCC03021,1454105,41761
,,17668982,1357020-MNJP3,1195497,VDDDD08179,1454105,41761
,,17669048,95SG567,1195502,VBBBB00053,1454105,41761
,,17669048,1FK07AA,1195502,VBBBB03073,1454105,41761
,,17669054,95XIW648,1195503,VDDDD06277,1454105,48644
,,17669096,31700452,1195470,VBBBB00054,1454105,41761
,,17669097,311531127,1195477,VBBBB01048,1454105,41761
,,17669043,HP-4P5E3AA,1195502,VDDDD03287,1454105,41761
,,17669052,C4-0000000000128,1195503,VBBBB01070,1454105,41761
,,17668925,517213189132,1195493,VDDDD11245,1454105,3583
,,17669075,1357020-MNJP3,1195462,VDDDD09297,1454105,41761
,,17669075,C4-0000000000068,1195462,VDDDD06299,1454105,41761
,,17669055,133008461-MNXF3,1195469,VDDDD01152,1454105,6901
,,17668817,34313241,1195474,VDDDD05151,1454105,20294
,,17669123,95SG108324,1195508,VDDDD09155,1454105,41761
,,17669131,C4-0000000000634,1195509,VCCCC03034,1454105,41761
,,17669124,C4-0000000000801,1195509,VDDDD08152,1454105,41761
,,17669141,HP-4P5L9AA,1195510,VDDDD10150,1454105,41761
,,17669075,HP-4P5N3AA,1195462,VDDDD11303,1454105,41761
,,17669075,1357020-MNJP3,1195462,VDDDD03131,1454105,41761
,,17669075,1905002002,1195462,VDDDD01134,1454105,41761
,,17669075,1905002002,1195462,VDDDD01132,1454105,41761
,,17669075,1905002004,1195462,VDDDD11134,1454105,41761
,,17669075,21718826527,1195462,VDDDD02131,1454105,41761
,,17669075,231000003607,1195462,VBBBB00018,1454105,41761
,,17669075,C4-0000000000068,1195462,VDDDD06302,1454105,41761
,,17669075,C4-0000000000069,1195462,VDDDD06269,1454105,41761
,,17668817,29601031908,1195474,VBBBB03036,1454105,20294
,,17668817,29601031909,1195474,VBBBB02034,1454105,20294
,,17668888,131991-MLXW3-CZ,x,VDDDD11131,1454105,41761
,,17668888,1319981-MV7N2SK,x,VDDDD03140,1454105,41761
,,17668888,13300423-MK2K3,x,VDDDD01140,1454105,41761
,,17668888,133041-MK0C2SK,x,VDDDD02139,1454105,41761
,,17668888,1357020-MNJP3,x,VDDDD03131,1454105,41761
,,17668888,185-UX425JA-BM031R,x,VDDDD11302,1454105,41761
,,17668888,1905002002,x,VBBBB04034,1454105,41761
,,17668888,1905002004,x,VDDDD11134,1454105,41761
,,17668888,1FK07AA,x,VBBBB03072,1454105,41761
,,17668888,202121011,x,VDDDD09133,1454105,41761
,,17668888,2040900010520,x,VDDDD11304,1454105,41761
,,17668888,204090001780,x,VDDDD07305,1454105,41761
,,17668888,205011010,x,VDDDD02140,1454105,41761
,,17668888,205011012,x,VDDDD03139,1454105,41761
,,17668888,205011016,x,VDDDD05113,1454105,41761
,,17668888,2050602338,x,VDDDD08132,1454105,41761
,,17668888,205517506,x,VDDDD05111,1454105,41761
,,17668888,2055180454,x,VDDDD05114,1454105,41761
,,17668888,205A0070,x,VDDDD05284,1454105,41761
,,17668888,205A0071,x,VDDDD06282,1454105,41761
,,17668888,20883354,x,VDDDD09103,1454105,41761
,,17668888,20883362,x,VDDDD09215,1454105,41761
,,17668888,2171883314,x,VDDDD09302,1454105,41761
,,17668888,22040710431,x,VDDDD08302,1454105,41761
,,17668888,229030,x,VDDDD03138,1454105,41761
,,17668888,23100000088,x,VBBBB02020,1454105,41761
,,17668888,23100000095,x,VDDDD08115,1454105,41761
,,17668888,23100000285,x,VBBBB02015,1454105,41761
,,17668888,23100000307,x,VDDDD11136,1454105,41761
,,17668888,23100000343,x,VBBBB03048,1454105,41761
,,17668888,231000003622,x,VBBBB01058,1454105,41761
,,17668888,231000003634,x,VBBBB02037,1454105,41761
,,17668888,231000003658,x,VDDDD10309,1454105,41761
,,17668888,231000003691,x,VDDDD11310,1454105,41761
,,17668888,231000003691,x,VDDDD11308,1454105,41761
,,17668888,231000003744,x,VBBBB04068,1454105,41761
,,17668888,23100000483,x,VDDDD07304,1454105,41761
,,17668888,29601031759,x,VDDDD04101,1454105,41761
,,17668888,34313241,x,VDDDD09134,1454105,41761
,,17668888,517213189132,x,VCCCC03032,1454105,41761
,,17668888,517230032,x,VDDDD07114,1454105,41761
,,17668888,51723143,x,VDDDD11106,1454105,41761
,,17668888,809-6GQ-01550,x,VDDDD02137,1454105,41761
,,17668888,809-79G-05380,x,VDDDD05107,1454105,41761
,,17668888,809-QQ2-01393,x,VDDDD11101,1454105,41761
,,17668888,95ALN495,x,VDDDD02114,1454105,41761
,,17668888,95ALN496,x,VDDDD02134,1454105,41761
,,17668888,95ALN497,x,VDDDD04106,1454105,41761
,,17668888,95ALN498,x,VDDDD04132,1454105,41761
,,17668888,95ALN499,x,VDDDD06113,1454105,41761
,,17668888,95ALN500,x,VDDDD07112,1454105,41761
,,17668888,95ALPB119,x,VDDDD09303,1454105,41761
,,17668888,95PO132,x,VDDDD05215,1454105,41761
,,17668888,95PO147,x,VDDDD09116,1454105,41761
,,17668888,95SMT2181,x,VDDDD07131,1454105,41761
,,17668888,98967630354,x,VDDDD06305,1454105,41761
,,17668888,989676345446,x,VDDDD11104,1454105,41761
,,17668888,9896763521,x,VBBBB03034,1454105,41761
,,17668888,9896763526,x,VDDDD02133,1454105,41761
,,17668888,9896763527,x,VDDDD07218,1454105,41761
,,17668888,9896763528,x,VDDDD03137,1454105,41761
,,17668888,9896763529,x,VDDDD04138,1454105,41761
,,17668888,C4-0000000000067,x,VDDDD06201,1454105,41761
,,17668888,C4-0000000000068,x,VDDDD06302,1454105,41761
,,17668888,C4-0000000000128,x,VBBBB01070,1454105,41761
,,17668888,C4-0000000000163,x,VBBBB04036,1454105,41761
,,17668888,C4-0000000000596,x,VDDDD09301,1454105,41761
,,17668888,C4-0000000000630,x,VDDDD07306,1454105,41761
,,17668888,C4-0000000000633,x,VBBBB04073,1454105,41761
,,17668888,C4-0000000000634,x,VBBBB03066,1454105,41761
,,17668888,C4-0000000000635,x,VBBBB00028,1454105,41761
,,17668888,C4-0000000000681,x,VDDDD02135,1454105,41761
,,17668888,C4-0000000000682,x,VDDDD03112,1454105,41761
,,17668888,C4-0000000000683,x,VDDDD07217,1454105,41761
,,17668888,C4-0000000000684,x,VDDDD06284,1454105,41761
,,17668888,C4-0000000000720,x,VDDDD02136,1454105,41761
,,17668888,C4-0000000000721,x,VDDDD03115,1454105,41761
,,17668888,C4-0000000000773,x,VDDDD06105,1454105,41761
,,17668888,C4-0000000000803,x,VDDDD02132,1454105,41761
,,17668888,C4-0000000000827,x,VDDDD07215,1454105,41761
,,17668888,C4-0000000000831,x,VDDDD08134,1454105,41761
,,17668888,C4-0000000000832,x,VDDDD06268,1454105,41761
,,17668888,C4-0000000000834,x,VDDDD03134,1454105,41761
,,17668888,C4-0000000000835,x,VBBBB02063,1454105,41761
,,17668888,C4-0000000000836,x,VCCCC03023,1454105,41761
,,17668888,HP-462J4EA,x,VBBBB03050,1454105,41761
,,17668888,HP-4P5E3AA,x,VDDDD08116,1454105,41761
,,17668888,HP-4P5K4AA,x,VDDDD01136,1454105,41761
,,17668888,HP-4P5L1AM,x,VDDDD11301,1454105,41761
,,17668888,HP-4P5L9AA,x,VDDDD11132,1454105,41761
,,17668888,HP-4P5M0AA,x,VBBBB03033,1454105,41761
,,17668888,HP-4P5Q3AA,x,VDDDD04105,1454105,41761
,,17668888,HP-53M06EA,x,VBBBB03071,1454105,41761
,,17668888,LNN82K200RDCK,x,VBBBB04043,1454105,41761
,,17668888,LNTZA5T0014CZ,x,VBBBB02039,1454105,41761
,,17668888,LNTZA9W0001CZS,x,VDDDD10139,1454105,41761
,,17669075,1905002002,1195462,VBBBB04034,1454105,41761
,,17669075,1FK07AA,1195462,VBBBB03072,1454105,41761
,,17669075,202121010,1195462,VDDDD07132,1454105,41761
,,17669075,202121011,1195462,VDDDD04104,1454105,41761
,,17669075,204090001780,1195462,VDDDD07305,1454105,41761
,,17669075,205011015,1195462,VDDDD02111,1454105,41761
,,17669075,205011021,1195462,VDDDD07282,1454105,41761
,,17669075,2050602338,1195462,VDDDD08132,1454105,41761
,,17669075,2055180453,1195462,VDDDD06218,1454105,41761
,,17669075,2055180454,1195462,VDDDD05114,1454105,41761
,,17669075,20883354,1195462,VDDDD09103,1454105,41761
,,17669075,20883362,1195462,VDDDD09102,1454105,41761
,,17669075,219985130,1195462,VDDDD04135,1454105,41761
,,17669075,23100000088,1195462,VBBBB02020,1454105,41761
,,17669075,23100000240,1195462,VDDDD07103,1454105,41761
,,17669075,231000003600,1195462,VDDDD10137,1454105,41761
,,17669075,231000003634,1195462,VBBBB02037,1454105,41761
,,17669075,231000003659,1195462,VBBBB03046,1454105,41761
,,17669075,231000003662,1195462,VDDDD10104,1454105,41761
,,17669075,231000003741,1195462,VBBBB04035,1454105,41761
,,17669075,231000003744,1195462,VBBBB04068,1454105,41761
,,17669075,231000003750,1195462,VDDDD11282,1454105,41761
,,17669075,231000003755,1195462,VDDDD10118,1454105,41761
,,17669075,231000003758,1195462,VDDDD09216,1454105,41761
,,17669075,23100000483,1195462,VDDDD07304,1454105,41761
,,17669075,29601031760,1195462,VDDDD03133,1454105,41761
,,17669075,35120348,1195462,VDDDD05217,1454105,41761
,,17669075,517230032,1195462,VDDDD07114,1454105,41761
,,17669075,809-QQ2-01393,1195462,VDDDD11101,1454105,41761
,,17669075,95ALN496,1195462,VDDDD02134,1454105,41761
,,17669075,95ALN498,1195462,VDDDD04132,1454105,41761
,,17669075,95SG108326,1195462,VDDDD08284,1454105,41761
,,17669075,989676345446,1195462,VDDDD11104,1454105,41761
,,17669075,9896763522,1195462,VDDDD01137,1454105,41761
,,17669075,9896763526,1195462,VDDDD02133,1454105,41761
,,17669075,9896763529,1195462,VDDDD04138,1454105,41761
,,17669075,C4-0000000000068,1195462,VDDDD06302,1454105,41761
,,17669075,C4-0000000000128,1195462,VBBBB01070,1454105,41761
,,17669075,C4-0000000000493,1195462,VDDDD07216,1454105,41761
,,17669075,C4-0000000000630,1195462,VDDDD07306,1454105,41761
,,17669075,C4-0000000000634,1195462,VBBBB03066,1454105,41761
,,17669075,C4-0000000000681,1195462,VDDDD02135,1454105,41761
,,17669075,C4-0000000000803,1195462,VDDDD07108,1454105,41761
,,17669075,C4-0000000000827,1195462,VDDDD07215,1454105,41761
,,17669075,C4-0000000000832,1195462,VDDDD05131,1454105,41761
,,17669075,C4-0000000000834,1195462,VDDDD03134,1454105,41761
,,17669075,C4-0000000000836,1195462,VBBBB01053,1454105,41761
,,17669075,EC13S400039A,1195462,VDDDD04137,1454105,41761
,,17669075,HP-4P5L7AM,1195462,VDDDD11105,1454105,41761
,,17669075,HP-53M06EA,1195462,VBBBB03071,1454105,41761
,,17668944,C4-0000000000128,1195495,VBBBB01070,1454105,4814
,,17668806,23100000234,1195473,VDDDD11281,1454105,42872
,,17668735,517216616,1195464,VDDDD11294,1454105,45810
,,17669135,23100000285,1195471,VBBBB01034,1454105,45810
,,17668817,22700799,1195474,VDDDD04218,1454105,20294
,,17668762,48332005361,1195482,VDDDD11107,1454105,3078
,,17668712,48332002793,1195473,G002202011,1454105,3095
,,17668875,2055180442,1195488,VDDDD09245,1454105,6396
,,17668721,5172135743,1195480,VDDDD11181,1454105,6396
,,17668722,5172135743,1195480,VDDDD11181,1454105,6396
,,17668709,5172131993,1195461,G000700006,1454105,6396
,,17668756,5172250812,1195481,VCCCC02011,1454105,6396
,,17668711,23100000513,1195469,G002101009,1454105,8082
,,17668710,4833200925,1195462,G001501018,1454105,16613
,,17668713,204200980610,1195479,G002901013,1454105,22218
,,17668849,205517507,1195485,VDDDD06259,1454105,30666
,,17668847,204400160,1195485,VDDDD08248,1454105,41459
,,17668846,20440052,1195485,VDDDD07259,1454105,46939
,,17668714,20420098552,1195479,G003200015,1454105,48286
,,17668759,51721320063,1195482,VDDDD11110,1454105,49465
,,17668725,51721320068,1195481,VDDDD11186,1454105,49465
,,17669064,LNZGX40Q17226,1195503,VBBBB02072,1454105,44646
,,17668723,34331150,1195480,VCCCC02019,1454105,44646
,,17668877,9589572570,1195488,VDDDD04247,1454105,44646
,,17668878,9589572570,1195489,VDDDD04247,1454105,44646
,,17668726,LNTZA5T0081CZ,1195481,VDDDD09182,1454105,44646
,,17668715,220105066333,1195479,G001502001,1454105,44646
,,17668715,2960869,1195479,G000101237,1454105,44646
,,17668760,HP-4P4F0AA,1195482,VCCCC03012,1454105,44646
,,17669050,LNZZG38C03903,1195502,VBBBB01069,1454105,44646
,,17668852,95XIW27,1195485,VCCCC01026,1454105,44646
,,17669060,13300424-MPQ13,1195503,VBBBB01064,1454105,44646
,,17668853,95XIW27,1195486,VCCCC01026,1454105,44646
,,17668854,95XIW27,1195486,VCCCC01026,1454105,44646
,,17668724,LNZGX40Q17232,1195480,VCCCC00016,1454105,44646
,,17668881,95NK094,1195489,VCCCC02025,1454105,44646
,,17668855,95XIW27,1195486,VCCCC01026,1454105,44646
,,17668880,203800007,1195489,VDDDD06250,1454105,44646
,,17668876,20505057,1195488,VDDDD08250,1454105,44646
,,17668757,EC11CG32407,1195470,VCCCC00011,1454105,44646
,,17668856,95XIW27,1195486,VCCCC01026,1454105,44646
,,17668882,95NK094,1195489,VCCCC02025,1454105,44646
,,17668874,LNN82KN0010MC,1195488,VDDDD11108,1454105,44646
,,17668883,95NK094,1195489,VCCCC02025,1454105,44646
,,17669038,220105066331,1195501,VDDDD07368,1454105,44646
,,17668857,95XIW27,1195486,VCCCC01026,1454105,44646
,,17668858,95XIW27,1195486,VCCCC01026,1454105,44646
,,17668859,95XIW27,1195486,VCCCC01026,1454105,44646
,,17668860,95XIW27,1195486,VCCCC01026,1454105,44646
,,17668861,95XIW27,1195487,VCCCC01026,1454105,44646
,,17668851,9589572563,1195485,VDDDD07247,1454105,44646
,,17668872,9589572569,1195488,VDDDD07243,1454105,44646
,,17668884,95NK094,1195489,VCCCC02025,1454105,44646
,,17668862,95XIW27,1195487,VCCCC01026,1454105,44646
,,17668863,95XIW27,1195487,VCCCC01026,1454105,44646
,,17668864,95XIW27,1195487,VCCCC01026,1454105,44646
,,17668873,20505065,1195488,VDDDD08243,1454105,44646
,,17668850,95HWW183,1195485,VDDDD07250,1454105,44646
,,17668761,HP-4P4F0AA,1195482,VCCCC03012,1454105,44646
,,17668865,95XIW27,1195487,VCCCC01026,1454105,44646
,,17668866,95XIW27,1195487,VCCCC01026,1454105,44646
,,17668716,30860676,1195479,G000800018,1454105,44646
,,17668716,30860677,1195479,G001002018,1454105,44646
,,17668716,30860678,1195479,G000602012,1454105,44646
,,17668716,30860679,1195479,G003003020,1454105,44646
,,17668885,95NK094,1195489,VCCCC02025,1454105,44646
,,17668867,95XIW27,1195487,VCCCC01026,1454105,44646
,,17668758,EC11CG32407,1195471,VCCCC00011,1454105,44646
,,17668717,20420098154,1195480,G001300004,1454105,47975
,,17668868,95XIW27,1195487,VCCCC01026,1454105,44646
,,17668879,9589572568,1195489,VDDDD09246,1454105,44646
,,17668718,9797400090010,1195480,G003502030,1454105,13756
,,17668719,4833200537,1195480,G003301027,1454105,38204
,,17668719,483320053928,1195480,G003101012,1454105,38204
,,17668869,95XIW27,1195488,VCCCC01026,1454105,44646
,,17668720,30860664,1195480,VCCCC01018,1454105,44646
,,17668720,30860662,1195480,VCCCC03020,1454105,44646
,,17668720,30860661,1195480,VDDDD08369,1454105,44646
,,17668967,95HWW1595,1195496,VDDDD04206,1454105,44646
,,17668977,13300423-MK2K3,1195466,VBBBB01057,1454105,20413
,,17668727,231000003604,1195481,G003000011,1454105,20413
,,17668730,LNN82BJ00FDCK,1195464,VBBBB05069,1454105,20413
,,17668747,13570301-MNJF3,1195481,VDDDD05218,1454105,20413
,,17668733,4833200931,1195463,VAAAA00041,1454105,19046
,,17668733,539047078,1195463,G000700011,1454105,19046
,,17668733,539047079,1195463,G003200025,1454105,19046
,,17668733,483320053934,1195463,VBBBB02038,1454105,19046
,,17668733,29493075,1195463,G001203028,1454105,19046
,,17668733,1930703913,1195463,VDDDD10255,1454105,19046
,,17668751,13300423-MK2K3,1195481,VBBBB01057,1454105,20413
,,17668751,133041-MK0C2SK,1195481,VBBBB01068,1454105,20413
,,17668752,13300423-MK2K3,1195463,VBBBB01057,1454105,20413
,,17668752,133041-MK0C2SK,1195463,VBBBB01068,1454105,20413
,,17668730,98975199546,1195464,G000310005,1454105,20413
,,17668747,809-HAV-00163,1195481,VDDDD09228,1454105,20413
,,17668747,98975199545,1195481,G003201022,1454105,20413
,,17668727,95HWW303,1195481,VDDDD05263,1454105,20413
,,17668928,809-HAV-00178,1195493,VDDDD05214,1454105,20413
,,17668752,13300423-MK2K3,1195463,VBBBB01057,1454105,20413
,,17668941,HP-726M3EA,1195494,VBBBB03035,1454105,44996
,,17668735,203910710,1195464,VDDDD07252,1454105,45810
,,17668735,23100000523,1195464,G003003031,1454105,45810
,,17668735,517224816,1195464,G001502023,1454105,45810
,,17668735,29493159,1195464,G002702012,1454105,45810
,,17668750,204200984800,1195481,G003302007,1454105,46473
,,17668906,20391164,1195491,VDDDD06251,1454105,47483
,,17668906,20505062,1195491,VDDDD04256,1454105,47483
,,17668906,20505080,1195491,VDDDD10229,1454105,47483
,,17668906,23100000429,1195491,VDDDD11209,1454105,47483
,,17668734,1901203085,1195481,G002701022,1454105,44646
,,17668734,1901203089,1195481,G002400004,1454105,44646
,,17668734,1901203093,1195481,G000802016,1454105,44646
,,17668891,95XIW27,1195490,VDDDD05265,1454105,44646
,,17668918,20100217015,1195468,VBBBB01045,1454105,7132
,,17668918,20100217016,1195468,VBBBB00061,1454105,7132
,,17668727,95HWW303,1195481,VDDDD05263,1454105,20413
,,17668763,51721225,1195482,G002400029,1454105,44076
,,17668735,95895251146,1195464,G000500025,1454105,45810
,,17668735,EC11CG32407,1195464,VBBBB00036,1454105,45810
,,17668764,95SG108279,1195482,VDDDD05261,1454105,45569
,,17668764,95SGP1129,1195482,G000502002,1454105,45569
,,17668764,95ALPF9791,1195482,G000107097,1454105,45569
,,17668764,22700723P,1195482,G001501007,1454105,45569
,,17668766,219985132,1195482,G001201007,1454105,45556
,,17668766,219985133,1195482,G000400019,1454105,45556
,,17668767,205A0073,1195482,VBBBB03058,1454105,23350
,,17668768,5172250822,1195483,VAAAA00003,1454105,23350
,,17668769,921691394,1195483,G002501024,1454105,44646
,,17668770,517216615,1195483,G000701006,1454105,23350
,,17668917,205A0073,1195492,VDDDD07211,1454105,23350
,,17668771,2055159658490,1195483,G000901017,1454105,23350
,,17668772,219985132,1195472,G001201007,1454105,3128
,,17668772,219985133,1195472,G000400019,1454105,3128
,,17668772,809-T5D-03504PC,1195472,VDDDD05210,1454105,3128
,,17668772,D-N-5530-P3-704,1195472,VBBBB02046,1454105,3128
,,17668774,39119211,1195483,G003500022,1454105,22591
,,17668775,D-S-RAM-X7K8W,1195483,G003606060,1454105,3070
,,17668923,2050602339,1195492,VDDDD05221,1454105,13040
,,17668924,133103311-MLK73SK,1195492,VDDDD07220,1454105,2542
,,17668806,2017576754,1195473,VDDDD04233,1454105,42872
,,17668777,502710032,1195473,G000402005,1454105,45108
,,17668777,34313288,1195473,G001001014,1454105,45108
,,17668915,1319981-MGYH3SK,1195491,VBBBB01042,1454105,17442
,,17668790,51721225,1195483,G002400029,1454105,44646
,,17668921,95HWW183,1195492,VDDDD07225,1454105,44646
,,17668791,29493293,1195465,G001202020,1454105,30666
,,17668791,29493322,1195465,G001202031,1454105,30666
,,17668791,512018061614,1195465,G000105025,1454105,30666
,,17668791,EC13T13064012,1195465,G001902015,1454105,30666
,,17668791,29493100,1195465,G002201023,1454105,30666
,,17669002,1870030950882I55P9,1195498,VBBBB04048,1454105,3583
,,17668806,20070177992,1195473,G002100006,1454105,42872
,,17668805,921691392,1195483,G000209174,1454105,48644
,,17668811,20409009523,1195474,G003202024,1454105,23299
,,17668816,219985132,1195484,G001201007,1454105,40879
,,17668816,219985133,1195484,G000400019,1454105,40879
,,17668816,219985306,1195484,G003606110,1454105,40879
,,17668816,219985307,1195484,G000102137,1454105,40879
,,17668816,219985308,1195484,G003502010,1454105,40879
,,17668919,131991-MLY13-CZ,1195492,VBBBB04046,1454105,12557
,,17668777,29772183,1195473,G000003224,1454105,45108
,,17668817,4833200259,1195474,G000902007,1454105,20294
,,17668817,4833200260,1195474,G002504012,1454105,20294
,,17668817,4833200261,1195474,G000107132,1454105,20294
,,17668817,4833200262,1195474,G000204011,1454105,20294
,,17668817,51721431,1195474,G003300028,1454105,20294
,,17668811,2191062071,1195474,G003609155,1454105,23299
,,17668823,51721225,1195484,VAAAA00033,1454105,44646
,,17668777,34323378,1195473,VBBBB03043,1454105,45108
,,17668777,34323496,1195473,VBBBB00005,1454105,45108
,,17668966,95XIA60,1195496,VDDDD09210,1454105,48644
,,17668824,9797400090010,1195484,G003502030,1454105,48644
,,17668825,2170949130,1195484,G001001029,1454105,48644
,,17668826,217171465,1195484,G001600031,1454105,48644
,,17668830,95SGN10177,1195484,G003500009,1454105,48644
,,17668831,95SGN10177,1195484,G003500009,1454105,48644
,,17668827,92169025,1195484,G000306091,1454105,48644
,,17668827,92169126,1195484,G000305100,1454105,48644
,,17668828,2032033,x,G003500015,1454105,49107
,,17668828,20500295102,x,VDDDD09219,1454105,49107
,,17668828,205A00014,x,VDDDD04216,1454105,49107
,,17668828,209049809,x,G002902003,1454105,49107
,,17668828,2290105851,x,G002200026,1454105,49107
,,17668828,23100000524,x,VBBBB01047,1454105,49107
,,17668828,39119201,x,VAAAA00043,1454105,49107
,,17668828,92168902,x,G000305102,1454105,49107
,,17668828,92169840,x,G000402013,1454105,49107
,,17668828,95XIP809,x,G000600001,1454105,49107
,,17668828,979974226,x,G003608245,1454105,49107
,,17668828,ES041328,x,G002300015,1454105,49107
,,17668828,HP-240J6AA,x,G001403023,1454105,49107
,,17668934,1904201033,1195493,VDDDD09241,1454105,49107
,,17668832,2050602338,1195468,VDDDD05193,1454105,3769
,,17668832,205A0069,1195468,VDDDD09243,1454105,3769
,,17668832,205A0072,1195468,VCCCC01032,1454105,3769
,,17668832,29493286,1195468,G000600025,1454105,3769
,,17668832,34313250,1195468,VCCCC02016,1454105,3769
,,17668832,34313251,1195468,VAAAA00002,1454105,3769
,,17668832,34323378,1195468,VBBBB03043,1454105,3769
,,17668832,34323379,1195468,VBBBB05041,1454105,3769
,,17668832,34323380,1195468,VBBBB03045,1454105,3769
,,17668832,34323381,1195468,VDDDD10257,1454105,3769
,,17668832,44301387,1195468,G001901009,1454105,3769
,,17668832,95SGP1128,1195468,G003301015,1454105,3769
,,17668832,EC13T606200,1195468,G000004170,1454105,3769
,,17668832,EC13T606700,1195468,G000001199,1454105,3769
,,17668832,EC13T606900,1195468,G000601023,1454105,3769
,,17668832,LNZGX40Q17229,1195468,VCCCC00001,1454105,3769
,,17668832,20083120,1195468,G002102015,1454105,3769
,,17668832,202121016,1195468,G003502015,1454105,3769
,,17668832,205002200471,1195468,VDDDD08221,1454105,3769
,,17668832,20505057,1195468,VDDDD04239,1454105,3769
,,17668832,2050602337,1195468,VDDDD07179,1454105,3769
,,17668837,2171002057,1195474,G001402022,1454105,3287
,,17668905,KCP426NS8-8,1195491,VDDDD05248,1454105,44646
,,17668837,540001324,1195474,G002501023,1454105,3287
,,17668841,HP-4P5L4AM,1195485,G001800005,1454105,3287
,,17668843,296010321145,1195485,G000104081,1454105,42455
,,17668844,D-D-580-AKGC,1195474,VAAAA00015,1454105,4656
,,17668870,2960356,1195488,G000404031,1454105,18562
,,17668870,30860673,1195488,G000602017,1454105,18562
,,17668870,30860674,1195488,G003003021,1454105,18562
,,17668870,30860675,1195488,G000504022,1454105,18562
,,17668870,30860676,1195488,G000800018,1454105,18562
,,17668870,LNTZA940104CZS,1195488,VBBBB00046,1454105,18562
,,17668870,205A0000011011,1195488,VDDDD07207,1454105,18562
,,17668870,296010321199,1195488,G000107042,1454105,18562
,,17668916,2050022523,1195492,VDDDD06228,1454105,43982
,,17668916,205517545,1195492,VDDDD06236,1454105,43982
,,17668910,203910322,1195465,VDDDD07238,1454105,39185
,,17668886,200701780195,1195490,G001600002,1454105,44646
,,17668887,204A056,1195490,VDDDD06223,1454105,19053
,,17668887,2055160084,1195490,VDDDD05253,1454105,19053
,,17668887,29493322,1195490,G001202031,1454105,19053
,,17668890,200636125,1195490,VDDDD11231,1454105,16271
,,17668890,219104016,1195490,G000206170,1454105,16271
,,17668890,2201040490,1195490,G001300008,1454105,16271
,,17668910,203223187,1195465,VDDDD08222,1454105,39185
,,17668910,HP-723N5EA,1195465,VBBBB02045,1454105,39185
,,17668940,HP-4K7D7EA,1195494,VBBBB03032,1454105,39435
,,17668892,29493239,1195490,G001900007,1454105,40440
,,17668892,502712121,1195490,G000403023,1454105,40440
,,17668938,1319929-MKGP3-CZ,1195494,VBBBB02032,1454105,44646
,,17668893,2199860754,1195490,G000800017,1454105,3070
,,17668893,209045160,1195490,G000308069,1454105,3070
,,17668910,KCP432SS6-8,1195465,VDDDD09223,1454105,39185
,,17668922,203100642,1195492,VDDDD07221,1454105,27269
,,17668896,92168902,1195490,G000305102,1454105,44646
,,17668899,5172250822,1195491,VAAAA00003,1454105,23350
,,17668897,204090001526,1195490,G000004099,1454105,3287
,,17668900,2199860703,1195491,G000208015,1454105,22540
,,17668900,809-T5D-03504PC,1195491,VDDDD05210,1454105,22540
,,17668900,HP-500S7AA,1195491,G002200026,1454105,22540
,,17668900,HP-6S6J5EA,1195491,VBBBB04045,1454105,22540
,,17668901,EV13H010L87,1195491,G002800023,1454105,50146
,,17668837,20420099500,1195474,G001400027,1454105,3287
,,17668902,53904315,1195491,G000100103,1454105,19988
,,17668935,EC13T67334A10,1195494,VDDDD10237,1454105,44646
,,17669012,LNZGX40Q17231,1195499,VDDDD11280,1454105,3287
,,17668908,2055159658262,1195491,G000110190,1454105,39188
,,17668937,LNZZG38C03349,1195494,VDDDD10233,1454105,44646
,,17668902,391191082,1195491,G001100009,1454105,19988
,,17668902,39119114,1195491,G001400005,1454105,19988
,,17668996,LNN21DL0043CK,1195498,VBBBB03065,1454105,3583
,,17668968,133103361-3L318,1195496,VDDDD10223,1454105,21190
,,17668777,2960897,1195473,G001102010,1454105,45108
,,17668777,LNN20VE0004CKS,1195473,VBBBB02033,1454105,45108
,,17668777,29770598,1195473,G001502002,1454105,45108
,,17668973,95SG5551,1195496,VDDDD04241,1454105,16797
,,17668939,1319929-MKGP3-CZ,1195494,VBBBB02032,1454105,45566
,,17668930,205021093,1195493,VDDDD10250,1454105,48247
,,17668930,51722222,1195493,VCCCC00012,1454105,48247
,,17669020,517222134,1195500,VDDDD11218,1454105,48247
,,17668791,18710166620,1195465,G000900014,1454105,30666
,,17668791,201713000837,1195465,VDDDD10264,1454105,30666
,,17668791,2017576814,1195465,VDDDD08175,1454105,30666
,,17668791,20734123575,1195465,G002600005,1454105,30666
,,17668791,2201040488,1195465,VBBBB01029,1454105,30666
,,17668791,29491002,1195465,VBBBB03052,1454105,30666
,,17668791,29493074,1195465,VCCCC01034,1454105,30666
,,17668791,29493162,1195465,G000101013,1454105,30666
,,17668791,29493183,1195465,G000503010,1454105,30666
,,17668791,29493375,1195465,G003003014,1454105,30666
,,17668791,29602239,1195465,G000000235,1454105,30666
,,17668791,29602278,1195465,G002103025,1454105,30666
,,17668791,29602301,1195465,G000402008,1454105,30666
,,17668791,EC13T03V64A,1195465,VDDDD08280,1454105,30666
,,17668791,EC13T16264012,1195465,G001203002,1454105,30666
,,17668929,229010594990,1195493,G000505004,1454105,48247
,,17668931,204400040,1195493,VDDDD04245,1454105,48247
,,17668931,2100808785,1195493,G001300023,1454105,48247
,,17668931,2191060662,1195493,G000003011,1454105,48247
,,17668791,22317001,1195465,VDDDD06186,1454105,30666
,,17668791,29493143,1195465,G002500022,1454105,30666
,,17668791,29493223,1195465,G002002024,1454105,30666
,,17668791,29493254,1195465,G002800012,1454105,30666
,,17668791,29602328,1195465,G000802016,1454105,30666
,,17668791,2072392756362480,1195465,G003402022,1454105,30666
,,17668791,2201040488,1195465,VBBBB01029,1454105,30666
,,17668791,29491002,1195465,VBBBB03052,1454105,30666
,,17668791,29493129,1195465,G000702028,1454105,30666
,,17668791,29493142,1195465,G000701013,1454105,30666
,,17668791,29493341,1195465,G000502025,1454105,30666
,,17668791,29602251,1195465,G000001225,1454105,30666
,,17668791,526200459536,1195465,G002000001,1454105,30666
,,17668791,EC13T03V64A,1195465,VDDDD08280,1454105,30666
,,17668791,29602419,1195465,G001803005,1454105,30666
,,17668932,517216625,1195493,G002804015,1454105,48247
,,17668791,20350033,1195465,VDDDD07185,1454105,30666
,,17668791,20350210,1195465,VDDDD07182,1454105,30666
,,17668791,204A000001057890,1195465,G001201014,1454105,30666
,,17668791,204A032,1195465,VDDDD07188,1454105,30666
,,17668791,204A033,1195465,VDDDD08187,1454105,30666
,,17668791,205011013,1195465,VDDDD07177,1454105,30666
,,17668791,205A00000166,1195465,VDDDD10270,1454105,30666
,,17668933,LNZGX40Q17229,1195493,VCCCC00001,1454105,48247
,,17668981,20500240867,1195497,VDDDD07187,1454105,48247
,,17668981,2050024156,1195497,VDDDD07175,1454105,48247
,,17668791,34313376,1195465,G003101022,1454105,30666
,,17668791,34313378,1195465,G003000028,1454105,30666
,,17668791,44301375,1195465,G003402029,1454105,30666
,,17668791,95BR658,1195465,G000401003,1454105,30666
,,17668791,2055159658134,1195465,G000804026,1454105,30666
,,17668791,205A0000010795,1195465,VDDDD04220,1454105,30666
,,17668983,133103311-MLK13SK,1195497,VDDDD06180,1454105,45566
,,17668994,LNZGX40Q17232,1195498,VBBBB02053,1454105,44646
,,17668936,EC13S210057,1195494,G001601001,1454105,44646
,,17668995,34323382,1195498,VBBBB02050,1454105,43110
,,17668777,220105206,1195473,G001500005,1454105,45108
,,17668942,95XIW409,1195494,VDDDD08185,1454105,44646
,,17668942,2191099987825,1195494,G000306139,1454105,44646
,,17668944,205A0000011011,1195495,VDDDD07186,1454105,4814
,,17668944,95ALPB5,1195495,G002002003,1454105,4814
,,17668950,54351045,1195495,G001100016,1454105,5912
,,17669003,D-D-3000U-503,1195467,VBBBB00050,1454105,38180
,,17668954,185193012,1195495,G003100004,1454105,7929
,,17668951,20409009006303,1195495,G000304103,1454105,7929
,,17668953,98975199007,1195495,G000404009,1454105,7929
,,17668953,219986099985,1195495,G000503017,1454105,7929
,,17669011,20500220173,1195499,VDDDD04189,1454105,7929
,,17669028,HP-737W7EA,1195501,VBBBB05040,1454105,12829
,,17668952,95895251133,1195495,G000401001,1454105,7929
,,17668955,29493070,1195475,G001301029,1454105,3971
,,17668955,231000003684,1195475,G003400028,1454105,3971
,,17668955,2055180438,1195475,VDDDD06190,1454105,3971
,,17668955,34313287,1195475,G002701022,1454105,3971
,,17668955,29493225,1195475,G001201025,1454105,3971
,,17668961,EPP7310850,1195475,G001702006,1454105,16601
,,17669021,541403611,1195500,VCCCC03022,1454105,39185
,,17668735,95895250805,1195464,G001602020,1454105,45810
,,17668735,51721233,1195464,G003301006,1454105,45810
,,17668735,2055180438,1195464,VDDDD06190,1454105,45810
,,17668960,AQ801888-B21,1195495,G000703005,1454105,2732
,,17668910,184416917,1195465,VCCCC02026,1454105,39185
,,17668965,2191099987505,1195496,G000205174,1454105,44646
,,17668944,95ALN254,1195495,G000501027,1454105,4814
,,17668944,205002200176,1195495,VDDDD04185,1454105,4814
,,17668969,2960849,1195496,G000901026,1454105,23524
,,17668970,1330303-MQDU3SK,1195496,G001500028,1454105,20413
,,17669009,133008321-MK7P3SK,1195499,VDDDD04269,1454105,47869
,,17668832,402061050,1195468,VBBBB02067,1454105,3769
,,17668832,1559998109,1195468,G003100001,1454105,3769
,,17669010,95HWW1594,1195499,VDDDD10188,1454105,44646
,,17668772,LNZGX40X54263,1195472,VBBBB04053,1454105,3128
,,17668772,4833200909,1195472,G000203085,1454105,3128
,,17668772,31701922,1195472,G000002092,1454105,3128
,,17668772,2199860754,1195472,G000800017,1454105,3128
,,17668772,2199860753,1195472,G003100014,1454105,3128
,,17668772,204A0000037,1195472,VDDDD05191,1454105,3128
,,17668772,204A0000035,1195472,VDDDD10196,1454105,3128
,,17668772,20454187,1195472,VDDDD03284,1454105,3128
,,17669044,1357021-MNJP3SK,1195502,VDDDD04285,1454105,13111
,,17668976,95SGO391,1195497,G002501012,1454105,44646
,,17668984,20409009648,1195497,G002102008,1454105,16359
,,17668985,98795155,1195497,G003000008,1454105,29374
,,17668986,98795212,1195497,G000802023,1454105,29374
,,17668987,35453545,1195497,G000903002,1454105,44646
,,17668988,204090001820,1195498,G000702025,1454105,16119
,,17669019,5172250816,1195500,VDDDD03213,1454105,23350
,,17668992,1319981-MK2E3-SK,1195498,VCCCC01002,1454105,20413
,,17668992,1319981-MMTN2SK,1195498,VAAAA00006,1454105,20413
,,17668992,1319981-MQD83SK,1195498,VCCCC01019,1454105,20413
,,17668992,1319981-MV7N2SK,1195498,VCCCC02028,1454105,20413
,,17668992,1319984-MNHF2SK,1195498,VCCCC01022,1454105,20413
,,17668992,1319987-MHJE3,1195498,VAAAA00034,1454105,20413
,,17668992,1319987-MHXH3SK,1195498,VBBBB01005,1454105,20413
,,17668992,1319987-MWVU2SK,1195498,G000901024,1454105,20413
,,17668992,1330303-MH0D3SK,1195498,VDDDD03227,1454105,20413
,,17668992,220105066322A,1195498,VAAAA00022,1454105,20413
,,17668992,51721227,1195498,VAAAA00049,1454105,20413
,,17668992,517212295,1195498,VAAAA00042,1454105,20413
,,17668992,5262004648,1195498,VBBBB03049,1454105,20413
,,17668992,LNN81W101WMCK,1195498,VBBBB02035,1454105,20413
,,17668752,1319982-MXLY2,1195463,VAAAA00017,1454105,20413
,,17668752,1319984-MNHF2SK,1195463,VCCCC01022,1454105,20413
,,17668752,1319987-MHJE3,1195463,VAAAA00034,1454105,20413
,,17668752,1319987-MMX62SK,1195463,VBBBB01017,1454105,20413
,,17668752,1319987-MX542SK,1195463,VCCCC01029,1454105,20413
,,17668752,133041-MK0C2SK,1195463,VBBBB01068,1454105,20413
,,17668752,133041-MU8F2SK,1195463,VAAAA00023,1454105,20413
,,17668752,18711100045,1195463,VDDDD06278,1454105,20413
,,17668752,1871110032,1195463,VDDDD06283,1454105,20413
,,17668752,1904201033,1195463,VCCCC03022,1454105,20413
,,17668752,1905002006,1195463,VDDDD03225,1454105,20413
,,17668752,1905002901,1195463,VDDDD03233,1454105,20413
,,17668752,220105066322A,1195463,VAAAA00022,1454105,20413
,,17668752,231000003607,1195463,VAAAA00053,1454105,20413
,,17668752,51200412292,1195463,G003502024,1454105,20413
,,17668752,51200601,1195463,G001501014,1454105,20413
,,17668752,51721224,1195463,VAAAA00019,1454105,20413
,,17668752,51721227,1195463,VAAAA00049,1454105,20413
,,17668752,517212854,1195463,G003102003,1454105,20413
,,17668752,517212862,1195463,G002602026,1454105,20413
,,17668752,5172131951,1195463,VAAAA00010,1454105,20413
,,17668752,5172131957,1195463,VAAAA00035,1454105,20413
,,17668752,5172132425,1195463,VCCCC00022,1454105,20413
,,17668752,517214252,1195463,VAAAA00044,1454105,20413
,,17668752,51721431,1195463,G003300028,1454105,20413
,,17668752,51722201,1195463,VAAAA00014,1454105,20413
,,17668752,5262004648,1195463,VBBBB03049,1454105,20413
,,17668752,98975199447,1195463,G001402028,1454105,20413
,,17668752,98975199448,1195463,G000306129,1454105,20413
,,17668752,98975199521,1195463,G003003007,1454105,20413
,,17668752,98975199523,1195463,G001902004,1454105,20413
,,17668752,98975199673,1195463,VBBBB01050,1454105,20413
,,17668752,131991-MLY33-CZ,1195463,VBBBB03068,1454105,20413
,,17668752,1319981-MQD83SK,1195463,VCCCC01019,1454105,20413
,,17668752,1319981-MV7N2SK,1195463,VCCCC02024,1454105,20413
,,17668752,1319982-MM0A3,1195463,VAAAA00031,1454105,20413
,,17668752,98975199676,1195463,VBBBB01060,1454105,20413
,,17668752,98975199715,1195463,VDDDD08276,1454105,20413
,,17668752,LNZZG38C03349,1195463,VDDDD03231,1454105,20413
,,17668970,1319981-MMTN2SK,1195496,VAAAA00006,1454105,20413
,,17668970,1319981-MV7N2SK,1195496,VCCCC02024,1454105,20413
,,17668970,1319982-MXLY2,1195496,VAAAA00017,1454105,20413
,,17668970,1319987-MHJE3,1195496,VAAAA00034,1454105,20413
,,17668970,1319987-MHXH3SK,1195496,VBBBB01005,1454105,20413
,,17668970,1319987-MMX62SK,1195496,VBBBB01017,1454105,20413
,,17668970,13300423-MK2L3,1195496,VCCCC01030,1454105,20413
,,17668970,220105066322A,1195496,VAAAA00022,1454105,20413
,,17668970,51200601,1195496,G001501014,1454105,20413
,,17668970,51721104,1195496,G000701007,1454105,20413
,,17668970,5172128415,1195496,G003502009,1454105,20413
,,17668970,51722201,1195496,VAAAA00014,1454105,20413
,,17668970,98975199445,1195496,VDDDD09278,1454105,20413
,,17668970,98975199447,1195496,G001402028,1454105,20413
,,17668970,98975199460,1195496,VDDDD03239,1454105,20413
,,17668970,98975199521,1195496,G003003007,1454105,20413
,,17668970,98975199522,1195496,G000601022,1454105,20413
,,17668970,98975199673,1195496,VBBBB01050,1454105,20413
,,17668970,98975199679,1195496,VBBBB01061,1454105,20413
,,17668970,98975199701,1195496,VDDDD04226,1454105,20413
,,17668970,98975199716,1195496,G001901006,1454105,20413
,,17668970,98975199718,1195496,VBBBB01037,1454105,20413
,,17668970,98975199740,1195496,G002100023,1454105,20413
,,17668970,98975199746,1195496,G001500008,1454105,20413
,,17668970,98975199750,1195496,G003402008,1454105,20413
,,17668970,98975199751,1195496,G003501020,1454105,20413
,,17668970,98975199752,1195496,G003002022,1454105,20413
,,17668988,D-N-453-BBBR,1195498,G002102021,1454105,16119
,,17668999,1319981-MK2E3-SK,1195476,VCCCC01002,1454105,20413
,,17668999,1319981-MQD83SK,1195476,VCCCC01019,1454105,20413
,,17668999,1319981-MV7N2SK,1195476,VCCCC02024,1454105,20413
,,17668999,1319982-MXLY2,1195476,VAAAA00017,1454105,20413
,,17668999,1319987-MHXH3SK,1195476,VBBBB01005,1454105,20413
,,17668999,1319987-MMX62SK,1195476,VBBBB01017,1454105,20413
,,17668999,1319987-MX542SK,1195476,VCCCC01029,1454105,20413
,,17668999,13300423-MK2K3,1195476,VCCCC02019,1454105,20413
,,17668999,13300423-MK2L3,1195476,VCCCC01030,1454105,20413
,,17668999,133041-MK0C2SK,1195476,VBBBB01068,1454105,20413
,,17668999,133041-MU8F2SK,1195476,VAAAA00023,1454105,20413
,,17668999,18711100052,1195476,VDDDD05282,1454105,20413
,,17668999,1905002002,1195476,VDDDD03240,1454105,20413
,,17668999,51202581,1195476,G001500021,1454105,20413
,,17668999,51721104,1195476,G000701007,1454105,20413
,,17668999,51721224,1195476,VAAAA00019,1454105,20413
,,17668999,51721227,1195476,VAAAA00049,1454105,20413
,,17668999,517212862,1195476,G002602026,1454105,20413
,,17668999,51722201,1195476,VAAAA00014,1454105,20413
,,17668999,98975199673,1195476,VBBBB01050,1454105,20413
,,17668999,LNN81W101WMCK,1195476,VBBBB02035,1454105,20413
,,17669085,20070177977,1195505,VDDDD11363,1454105,29374
,,17669008,200636125,1195499,VDDDD11365,1454105,4283
,,17669008,2017130002752,1195499,VDDDD07281,1454105,4283
,,17669008,207337496,1195499,G002001030,1454105,4283
,,17668988,95895887801,1195498,G000003184,1454105,16119
,,17669014,98795217,1195499,G000700016,1454105,29374
,,17669016,2055159658536,1195476,G003500026,1454105,45396
,,17669015,2100808944,1195500,G002902026,1454105,5349
,,17669017,2191099986827,1195500,G003603235,1454105,17078
,,17669017,2960828,1195500,G000404004,1454105,17078
,,17669017,34323433,1195500,VAAAA00024,1454105,17078
,,17669018,922031652,1195500,G001902023,1454105,29374
,,17669049,809-T5D-03504,1195502,VDDDD03281,1454105,3583
,,17668832,21008085,1195468,G000402005,1454105,3769
,,17668832,34323378,1195468,VDDDD11233,1454105,3769
,,17668832,34323379,1195468,VDDDD11247,1454105,3769
,,17668832,34323380,1195468,VDDDD02242,1454105,3769
,,17668832,34323381,1195468,VDDDD10364,1454105,3769
,,17668832,921691393,1195468,G001401015,1454105,3769
,,17669022,203910999,1195500,VDDDD06289,1454105,29374
,,17669022,20420099991,1195500,VDDDD04289,1454105,29374
,,17669022,205A0000010794,1195500,VDDDD05288,1454105,29374
,,17669022,205A0073,1195500,VDDDD08341,1454105,29374
,,17669022,2090010078,1195500,G000006009,1454105,29374
,,17669022,210080614,1195500,G001402015,1454105,29374
,,17669022,2100808945,1195500,G003001029,1454105,29374
,,17669022,210900142,1195500,G001002009,1454105,29374
,,17669022,2199860753,1195500,G003100014,1454105,29374
,,17669022,23100000419,1195500,G003201015,1454105,29374
,,17669022,9589560565,1195500,G000006115,1454105,29374
,,17669022,98975200339,1195500,G000203187,1454105,29374
,,17669027,443013180,1195500,G001700001,1454105,23892
,,17668730,1319981-MK2E3-SK,1195464,VCCCC01002,1454105,20413
,,17668730,1319981-MPNY3SK,1195464,VAAAA00001,1454105,20413
,,17668730,1319981-MQD83SK,1195464,VCCCC01019,1454105,20413
,,17668730,1319982-MXLY2,1195464,VAAAA00017,1454105,20413
,,17668730,1319987-MHJE3,1195464,VAAAA00034,1454105,20413
,,17668730,1319987-MHXH3SK,1195464,VBBBB01005,1454105,20413
,,17668730,1319987-MX542SK,1195464,VCCCC01029,1454105,20413
,,17668730,13300423-MK2K3,1195464,VCCCC01028,1454105,20413
,,17668730,13300423-MK2L3,1195464,VCCCC01030,1454105,20413
,,17668730,133041-MK0C2SK,1195464,VBBBB01068,1454105,20413
,,17668730,133041-MU8F2SK,1195464,VAAAA00023,1454105,20413
,,17668730,133041-MXQT2,1195464,VCCCC01024,1454105,20413
,,17668730,18711100045,1195464,VDDDD06278,1454105,20413
,,17668730,1871110032,1195464,VDDDD03289,1454105,20413
,,17668730,1905002002,1195464,VCCCC02036,1454105,20413
,,17668730,1905002006,1195464,VDDDD03246,1454105,20413
,,17668730,220105066322A,1195464,VAAAA00022,1454105,20413
,,17668730,51721104,1195464,G000701007,1454105,20413
,,17668730,51721224,1195464,VAAAA00019,1454105,20413
,,17668730,51721227,1195464,VAAAA00049,1454105,20413
,,17668730,517212331,1195464,G001700005,1454105,20413
,,17668730,5172128415,1195464,G003502009,1454105,20413
,,17668730,517212862,1195464,G002602026,1454105,20413
,,17668730,5172131957,1195464,VAAAA00035,1454105,20413
,,17668730,5172132425,1195464,VCCCC00036,1454105,20413
,,17668730,51722201,1195464,VAAAA00014,1454105,20413
,,17668730,95HWW303,1195464,VDDDD02285,1454105,20413
,,17668730,95SG3073,1195464,VDDDD04283,1454105,20413
,,17668730,98975199522,1195464,G000601022,1454105,20413
,,17668730,98975199523,1195464,G001902004,1454105,20413
,,17668730,98975199673,1195464,VBBBB01050,1454105,20413
,,17668730,98975199679,1195464,VBBBB01061,1454105,20413
,,17668730,98975199715,1195464,VDDDD03244,1454105,20413
,,17668730,98975199740,1195464,G002100023,1454105,20413
,,17668730,LNN81W101WMCK,1195464,VCCCC02035,1454105,20413
,,17668730,LNTZAAJ0382CZ,1195464,VBBBB03069,1454105,20413
,,17668730,LNZZG38C03349,1195464,VCCCC02035,1454105,20413
,,17668735,2042009078,1195464,G002800024,1454105,45810
,,17668735,21718137,1195464,G000700026,1454105,45810
,,17668735,31701100,1195464,G002203008,1454105,45810
,,17668735,31701101,1195464,G000500022,1454105,45810
,,17668735,31701102,1195464,G003001003,1454105,45810
,,17668735,31701103,1195464,G000501017,1454105,45810
,,17668735,517224813,1195464,G002102005,1454105,45810
,,17668735,95NK056,1195464,VDDDD03282,1454105,45810
,,17669034,95SG108257,1195501,VDDDD07287,1454105,43877
,,17669034,95SG108267,1195501,VDDDD09287,1454105,43877
,,17669034,95SG108279,1195501,VDDDD06297,1454105,43877
,,17669034,95XIA3305,1195501,VCCCC01037,1454105,43877
,,17669035,34323443,1195501,VAAAA00011,1454105,19625
,,17669037,30860676,1195501,G000800018,1454105,26981
,,17669037,30860677,1195501,G001002018,1454105,26981
,,17669037,30860678,1195501,G000602012,1454105,26981
,,17669037,30860679,1195501,G003003020,1454105,26981
,,17669041,95HWW1594,1195501,VDDDD07285,1454105,44646
,,17669041,95HWW1595,1195501,VDDDD09286,1454105,44646
,,17669042,220105066330,1195501,VDDDD02245,1454105,44646
,,17669039,131991-MGN63-CZ,x,VBBBB02058,1454105,20413
,,17669039,131991-MLY43-CZ,x,VDDDD11354,1454105,20413
,,17669039,1319981-MQD83SK,x,VCCCC01019,1454105,20413
,,17669039,1319981-MV7N2SK,x,VBBBB02059,1454105,20413
,,17669039,1319982-MM0A3,x,VAAAA00031,1454105,20413
,,17669039,1319982-MXLY2,x,VAAAA00017,1454105,20413
,,17669039,1319987-MHJE3,x,VAAAA00034,1454105,20413
,,17669039,1319987-MHLM3SK,x,G001902024,1454105,20413
,,17669039,1319987-MHXH3SK,x,VBBBB01005,1454105,20413
,,17669039,133103251-MGJF3SK,x,VDDDD07293,1454105,20413
,,17669039,18711100045,x,VDDDD06278,1454105,20413
,,17669039,231000003607,x,VCCCC00029,1454105,20413
,,17669039,231000003683,x,VBBBB00074,1454105,20413
,,17669039,51202621,x,G003301002,1454105,20413
,,17669039,51721224,x,VAAAA00019,1454105,20413
,,17669039,51721227,x,VAAAA00049,1454105,20413
,,17669039,517212295,x,VAAAA00042,1454105,20413
,,17669039,517212331,x,G001700005,1454105,20413
,,17669039,517212854,x,G003102003,1454105,20413
,,17669039,5172131951,x,VAAAA00010,1454105,20413
,,17669039,5172132425,x,VCCCC00036,1454105,20413
,,17669039,98975199486,x,G002002010,1454105,20413
,,17669039,98975199521,x,G003003007,1454105,20413
,,17669039,98975199679,x,VBBBB01061,1454105,20413
,,17669039,98975199701,x,VDDDD08363,1454105,20413
,,17669039,989751997070,x,VDDDD07365,1454105,20413
,,17669039,98975199740,x,G002100023,1454105,20413
,,17669039,98975199742,x,G000004219,1454105,20413
,,17669039,98975199765,x,G002202021,1454105,20413
,,17669039,LNN82BJ00FDCK,x,VBBBB05069,1454105,20413
,,17669039,LNN82KT006WCKS,x,VBBBB00045,1454105,20413
,,17669039,LNZZG38C03349,x,VCCCC02035,1454105,20413
,,17669059,95SGH928,1195503,VDDDD07277,1454105,44646
,,17669061,2050602339,1195503,VDDDD06294,1454105,3065
,,17669070,95SG108279,1195504,VDDDD06297,1454105,45546
,,17668777,31701826,1195473,G000502026,1454105,45108
,,17669040,220105066333,1195501,G001502001,1454105,44646
,,17668977,1319981-MK2E3-SK,1195466,VCCCC01002,1454105,20413
,,17668977,1319981-MMTN2SK,1195466,VAAAA00006,1454105,20413
,,17668977,1319987-MHJE3,1195466,VAAAA00034,1454105,20413
,,17668977,1319987-MHXH3SK,1195466,VBBBB01005,1454105,20413
,,17668977,1319987-MMX62SK,1195466,VBBBB01017,1454105,20413
,,17668977,133041-MK0C2SK,1195466,VBBBB01068,1454105,20413
,,17668977,18711100045,1195466,VDDDD05298,1454105,20413
,,17668977,18711100052,1195466,VDDDD05277,1454105,20413
,,17668977,231000003683,1195466,VBBBB00074,1454105,20413
,,17668977,402061011,1195466,VDDDD10362,1454105,20413
,,17668977,51721224,1195466,VAAAA00019,1454105,20413
,,17668977,51721227,1195466,VAAAA00049,1454105,20413
,,17668977,517212331,1195466,G001700005,1454105,20413
,,17668977,5172128415,1195466,G003502009,1454105,20413
,,17668977,5172132425,1195466,VCCCC00036,1454105,20413
,,17668977,51722201,1195466,VAAAA00014,1454105,20413
,,17668977,5262004648,1195466,VBBBB03049,1454105,20413
,,17668977,98975199448,1195466,VDDDD06368,1454105,20413
,,17668977,98975199486,1195466,G002002010,1454105,20413
,,17668977,98975199521,1195466,G003003007,1454105,20413
,,17668977,98975199522,1195466,G000601022,1454105,20413
,,17668977,98975199544,1195466,G000308100,1454105,20413
,,17668977,98975199671,1195466,G001802005,1454105,20413
,,17668977,98975199673,1195466,VBBBB01050,1454105,20413
,,17668977,98975199676,1195466,VBBBB01060,1454105,20413
,,17668977,98975199679,1195466,VBBBB01061,1454105,20413
,,17668977,98975199717,1195466,G001402025,1454105,20413
,,17668977,98975199751,1195466,G003501020,1454105,20413
,,17669045,95895501H1339,1195502,G000107110,1454105,26981
,,17669046,95895501H1339,1195502,G000107110,1454105,26981
,,17669047,1319981-MK2D3-SK,1195466,G001001006,1454105,20413
,,17669047,1319981-MQD83,1195466,VCCCC01019,1454105,20413
,,17669047,1319981-MV7N2SK,1195466,VBBBB02059,1454105,20413
,,17669047,1319987-MHJE3,1195466,VAAAA00034,1454105,20413
,,17669047,1319987-MMX62SK,1195466,VBBBB01017,1454105,20413
,,17669047,1319987-MX542SK,1195466,VCCCC01029,1454105,20413
,,17669047,13300423-MK2L3,1195466,VCCCC01027,1454105,20413
,,17669047,133041-MU8F2SK,1195466,VAAAA00023,1454105,20413
,,17669047,18711100045,1195466,VDDDD05298,1454105,20413
,,17669047,201063798,1195466,G000206182,1454105,20413
,,17669047,231000003607,1195466,VAAAA00053,1454105,20413
,,17669047,231000003726,1195466,G000103007,1454105,20413
,,17669047,51200412292,1195466,G003502024,1454105,20413
,,17669047,51202581,1195466,G001500021,1454105,20413
,,17669047,51721104,1195466,G000701007,1454105,20413
,,17669047,5172131951,1195466,VAAAA00010,1454105,20413
,,17669047,5172132425,1195466,VCCCC00036,1454105,20413
,,17669047,51721431,1195466,G003300028,1454105,20413
,,17669047,5262004648,1195466,VBBBB04047,1454105,20413
,,17669047,809-HAJ-00105,1195466,VDDDD09292,1454105,20413
,,17669047,98975199521,1195466,G003003007,1454105,20413
,,17669047,98975199522,1195466,G000601022,1454105,20413
,,17669047,98975199679,1195466,VBBBB01061,1454105,20413
,,17669047,98975199746,1195466,G001500008,1454105,20413
,,17669047,98975199748,1195466,G000701005,1454105,20413
,,17669047,98975199752,1195466,G003002022,1454105,20413
,,17669047,LNN81W101WMCK,1195466,VCCCC02035,1454105,20413
,,17669047,LNTZAAJ0382CZ,1195466,VBBBB03069,1454105,20413
,,17669035,217161301,1195501,G003403029,1454105,19625
,,17668791,29493074,1195465,VCCCC01034,1454105,30666
,,17668791,29493319,1195465,G002003024,1454105,30666
,,17669053,1319981-MMTN2SK,x,VAAAA00006,1454105,20413
,,17669053,1319981-MPNY3SK,x,VAAAA00001,1454105,20413
,,17669053,1319981-MV7N2SK,x,VBBBB02059,1454105,20413
,,17669053,1319982-MLL82,x,G003202027,1454105,20413
,,17669053,1319982-MXLY2,x,VAAAA00017,1454105,20413
,,17669053,1319984-MD819SK,x,G003002011,1454105,20413
,,17669053,1319987-MHJE3,x,VAAAA00034,1454105,20413
,,17669053,1319987-MHXH3SK,x,VBBBB01005,1454105,20413
,,17669053,1319987-MM2X3SK,x,VCCCC02035,1454105,20413
,,17669053,1319987-MMX62SK,x,VBBBB01017,1454105,20413
,,17669053,1319987-MU7E2SK,x,G002701015,1454105,20413
,,17669053,1319987-MWVU2SK,x,G000901024,1454105,20413
,,17669053,13300423-MK2K3,x,VCCCC02031,1454105,20413
,,17669053,133041-MU8F2SK,x,VAAAA00023,1454105,20413
,,17669053,133103251-MGJA3SK,x,VDDDD03292,1454105,20413
,,17669053,133103251-MGJF3SK,x,VDDDD05273,1454105,20413
,,17669053,133103311-MLK03SK,x,VDDDD02295,1454105,20413
,,17669053,133103311-MLK13SK,x,VDDDD01296,1454105,20413
,,17669053,133103311-MLK43SK,x,VDDDD04291,1454105,20413
,,17669053,133103311-MNFF3SK,x,VDDDD07297,1454105,20413
,,17669053,1357020-MNK23,x,VDDDD08300,1454105,20413
,,17669053,1357030-MP6K3,x,VCCCC03031,1454105,20413
,,17669053,18711100052,x,VDDDD02300,1454105,20413
,,17669053,1871110022,x,VDDDD05300,1454105,20413
,,17669053,231000003607,x,VAAAA00053,1454105,20413
,,17669053,231000003683,x,VBBBB00074,1454105,20413
,,17669053,51200412292,x,G003502024,1454105,20413
,,17669053,51200601,x,G001501014,1454105,20413
,,17669053,51202581,x,G001500021,1454105,20413
,,17669053,51202621,x,G003301002,1454105,20413
,,17669053,5167001012,x,VDDDD06366,1454105,20413
,,17669053,51721104,x,G000701007,1454105,20413
,,17669053,51721224,x,VAAAA00019,1454105,20413
,,17669053,51721227,x,VAAAA00049,1454105,20413
,,17669053,517212331,x,G001700005,1454105,20413
,,17669053,5172131951,x,VAAAA00010,1454105,20413
,,17669053,5172132425,x,VCCCC00036,1454105,20413
,,17669053,517214252,x,VAAAA00044,1454105,20413
,,17669053,5262004648,x,VBBBB03049,1454105,20413
,,17669053,989751994300,x,G001602012,1454105,20413
,,17669053,989751994330,x,G002602031,1454105,20413
,,17669053,98975199447,x,G001402028,1454105,20413
,,17669053,98975199485,x,G002502015,1454105,20413
,,17669053,98975199521,x,G003003007,1454105,20413
,,17669053,98975199522,x,G000601022,1454105,20413
,,17669053,98975199523,x,G001902004,1454105,20413
,,17669053,98975199547,x,G002203027,1454105,20413
,,17669053,98975199673,x,VBBBB01050,1454105,20413
,,17669053,98975199676,x,VBBBB01060,1454105,20413
,,17669053,98975199679,x,VBBBB01061,1454105,20413
,,17669053,98975199701,x,VDDDD08363,1454105,20413
,,17669053,989751997070,x,VDDDD07365,1454105,20413
,,17669053,98975199740,x,G002100023,1454105,20413
,,17669053,98975199744,x,G003003010,1454105,20413
,,17669053,98975199747,x,G001402019,1454105,20413
,,17669053,98975199748,x,G000701005,1454105,20413
,,17669053,98975199763,x,G002902021,1454105,20413
,,17669053,LNN82KT006WCKS,x,VBBBB00045,1454105,20413
,,17669053,LNTZAAJ0382CZ,x,VDDDD09369,1454105,20413
,,17669053,LNZZG38C03349,x,VCCCC02035,1454105,20413
,,17669055,20420090707,1195469,VDDDD05362,1454105,6901
,,17669055,20454191,1195469,VDDDD03291,1454105,6901
,,17669055,2191099987619,1195469,G000306027,1454105,6901
,,17669055,23100000340,1195469,G002802013,1454105,6901
,,17669055,231000003685,1195469,G001202015,1454105,6901
,,17669055,29493353,1195469,G001001030,1454105,6901
,,17669055,517224889126,1195469,G001000019,1454105,6901
,,17669055,9589400856,1195469,G000207068,1454105,6901
,,17669055,HP-69Q52EA,1195469,VDDDD11353,1454105,6901
,,17669055,V70227,1195469,G003002015,1454105,6901
,,17668955,1851934833,1195475,G002401012,1454105,3971
,,17669084,205060082,1195505,VDDDD04296,1454105,5662
,,17668775,204200980610,1195483,G002901013,1454105,3070
,,17668806,2199860771,1195473,G000107222,1454105,42872
,,17668806,EC13T03U64010,1195473,VBBBB01043,1454105,42872
,,17669065,131991-MGN93-CZ,1195461,VCCCC03025,1454105,20413
,,17669065,131991-MGND3-CZ,1195461,VDDDD11352,1454105,20413
,,17669065,131991-MLY13-CZ,1195461,VBBBB03064,1454105,20413
,,17669065,1319981-MK2E3-SK,1195461,VCCCC01002,1454105,20413
,,17669065,1319981-MMTN2SK,1195461,VAAAA00006,1454105,20413
,,17669065,1319981-MQD83,1195461,VCCCC01019,1454105,20413
,,17669065,1319982-MNWP3SK,1195461,VDDDD06249,1454105,20413
,,17669065,1319982-MXLY2,1195461,VAAAA00017,1454105,20413
,,17669065,1319987-MHJE3,1195461,VAAAA00034,1454105,20413
,,17669065,1319987-MHXH3SK,1195461,VCCCC01013,1454105,20413
,,17669065,1319987-MM2X3SK,1195461,VCCCC02035,1454105,20413
,,17669065,1319987-MMX62SK,1195461,VBBBB01017,1454105,20413
,,17669065,1319987-MX542SK,1195461,VCCCC01029,1454105,20413
,,17669065,13300423-MK2K3,1195461,VBBBB01062,1454105,20413
,,17669065,13300423-MK2L3,1195461,VCCCC02027,1454105,20413
,,17669065,13300423-MK2N3,1195461,VDDDD10300,1454105,20413
,,17669065,133041-MQLY3SK,1195461,VCCCC00016,1454105,20413
,,17669065,133103311-MLK43SK,1195461,VDDDD04291,1454105,20413
,,17669065,13556-MLWJ3SK,1195461,G001102004,1454105,20413
,,17669065,1357030-MP6K3,1195461,VCCCC03031,1454105,20413
,,17669065,220105066322A,1195461,VAAAA00022,1454105,20413
,,17669065,23100000274,1195461,G001603004,1454105,20413
,,17669065,231000003607,1195461,VAAAA00053,1454105,20413
,,17669065,51670032,1195461,VBBBB04067,1454105,20413
,,17669065,51721104,1195461,G000701007,1454105,20413
,,17669065,51721224,1195461,VAAAA00019,1454105,20413
,,17669065,51721227,1195461,VAAAA00049,1454105,20413
,,17669065,517216615,1195461,G000900016,1454105,20413
,,17669065,989751994022,1195461,G002603026,1454105,20413
,,17669065,98975199718,1195461,VBBBB01037,1454105,20413
,,17669065,LNN82BJ00FDCK,1195461,VBBBB05067,1454105,20413
,,17669065,LNZZG38C03349,1195461,VCCCC02035,1454105,20413
,,17669022,EPP7310850,1195500,G001702006,1454105,29374
,,17669082,20409106251,1195504,VDDDD03297,1454105,44646
,,17669066,35453543,1195467,G003402020,1454105,41409
,,17669066,35453526,1195467,G001000011,1454105,41409
,,17669066,35453524,1195467,G000901006,1454105,41409
,,17669066,35453523,1195467,VCCCC03037,1454105,41409
,,17669066,35453493,1195467,VAAAA00027,1454105,41409
,,17669067,296030820,1195503,G002001001,1454105,40358
,,17669067,296010321606,1195503,G000403030,1454105,40358
,,17669067,210080875,1195503,G001101007,1454105,40358
,,17669067,51722193,1195503,VDDDD06101,1454105,40358
,,17669067,51700016021,1195503,G001101027,1454105,40358
,,17669069,29601031777,1195503,G001201019,1454105,10426
,,17669069,2960103209617,1195503,G000310122,1454105,10426
,,17669069,DPS-AA579532,1195503,VDDDD01291,1454105,10426
,,17669095,95XIW27,1195506,VDDDD02277,1454105,44646
,,17669061,48332004577,1195503,G003303023,1454105,3065
,,17668955,541403621,1195475,VBBBB01049,1454105,3971
,,17668955,34313305,1195475,G001502014,1454105,3971
,,17669071,52607211561564,1195504,VAAAA00007,1454105,50106
,,17669072,97974000010007,1195504,G001003030,1454105,38636
,,17669072,9588080201,1195504,G002502022,1454105,38636
,,17669072,296030856,1195504,G001302022,1454105,38636
,,17669078,1930500213,1195504,G002500009,1454105,42462
,,17669080,19012035643,1195504,G002203012,1454105,44646
,,17669022,219986100080,1195500,G002004011,1454105,29374
,,17669094,95SG359141,1195506,VDDDD04278,1454105,40551
,,17669081,95895872611,1195504,G003609162,1454105,40551
,,17669083,95895501H1388,1195504,G000307130,1454105,26183
,,17669086,95ALPB115,1195505,G000501023,1454105,7027
,,17669086,205A0072,1195505,VCCCC01032,1454105,7027
,,17668817,1930500211,1195474,G001901010,1454105,20294
,,17669104,207253262,1195506,VBBBB05042,1454105,22239
,,17669088,202271105,1195505,VDDDD07104,1454105,50253
,,17669088,200636170,1195505,VBBBB04038,1454105,50253
,,17669088,95ALN71,1195505,G000305143,1454105,50253
,,17669088,9589400434,1195505,G000205169,1454105,50253
,,17669088,29610060,1195505,G003003022,1454105,50253
,,17669088,29610059,1195505,G002703022,1454105,50253
,,17669088,23100000409,1195505,G001002001,1454105,50253
,,17669088,205002200472,1195505,VDDDD04171,1454105,50253
,,17669088,203223190,1195505,VDDDD06175,1454105,50253
,,17669087,20350037,1195505,VDDDD07176,1454105,45566
,,17669087,2017576754,1195505,VDDDD06177,1454105,45566
,,17669087,201063887,1195505,G000003185,1454105,45566
,,17669087,20070177992,1195505,G002100006,1454105,45566
,,17669087,1930500206,1195505,G002001014,1454105,45566
,,17669103,133103301-MNGK3SK,1195506,VDDDD07178,1454105,45566
,,17669089,34323169,1195505,G003404020,1454105,30710
,,17669091,21682237271,1195505,G002400025,1454105,19379
,,17669090,217442039,1195505,G001600016,1454105,44646
,,17669092,2960305085,1195506,G002503009,1454105,3062
,,17668841,9589532298,1195485,G000401013,1454105,3287
,,17668841,EC13S042169,1195485,VDDDD06103,1454105,3287
,,17668841,EC13T02F24010,1195485,G000504011,1454105,3287
,,17669093,185-UX8402-M3021W,1195506,VBBBB03028,1454105,47942
,,17669093,29602428,1195506,G000901023,1454105,47942
,,17668777,95SGN10333,1195473,G001000022,1454105,45108
,,17669098,1319987-MJWY3SK,1195506,VBBBB01011,1454105,30614
,,17669098,1357020-MNPP3,1195506,VDDDD09175,1454105,30614
,,17669098,1319981-MV7N2SK,1195506,VBBBB00021,1454105,30614
,,17669105,31701554,1195477,G001004029,1454105,43110
,,17669105,31701555,1195477,G000703020,1454105,43110
,,17669105,31701556,1195477,G000901030,1454105,43110
,,17669105,34323475,1195477,VBBBB03027,1454105,43110
,,17669106,317018956,1195506,G000302019,1454105,41001
,,17669098,1319987-MM223SK,1195506,G002303015,1454105,30614
,,17669098,1319982-MX0J2SK,1195506,VDDDD07105,1454105,30614
,,17669098,1319987-MHKA3SK,1195506,G002104011,1454105,30614
,,17669108,23100000448,1195507,G002502003,1454105,3583
,,17669107,2191061050,1195507,G000001129,1454105,40586
,,17669109,34323446,1195469,VBBBB01021,1454105,44814
,,17669109,34323447,1195469,VCCCC02036,1454105,44814
,,17669109,34323458,1195469,VBBBB02023,1454105,44814
,,17668925,HP-4P5N9AA,1195493,G001902028,1454105,3583
,,17669110,539047112,1195507,G002802010,1454105,48644
,,17669098,1319987-MWVX2SK,1195506,G002101031,1454105,30614
,,17669111,EPSSJIC24Y,1195507,G000501012,1454105,37986
,,17669111,EPSSJIC24M,1195507,G000502013,1454105,37986
,,17669111,EPSSJIC24B,1195507,G002702020,1454105,37986
,,17668791,1319981-MMTN2SK,1195465,VAAAA00006,1454105,30666
,,17668791,13199871-MPP53SK,1195465,VDDDD08266,1454105,30666
,,17669121,13570301-MNK43,1195508,VDDDD06153,1454105,20897
,,17669125,13300424-MPQ93,1195509,VDDDD01158,1454105,4991
,,17669113,2100824537,1195507,G002102001,1454105,4991
,,17669112,958952608,1195507,G000311077,1454105,4991
,,17669130,D-N-460-BCTK,1195509,VBBBB03018,1454105,19379
,,17668791,29493178,1195465,G002500028,1454105,30666
,,17668791,EC13T07154012,1195465,G001501020,1454105,30666
,,17669135,20391052,1195471,VDDDD02159,1454105,45810
,,17668844,34323262,1195474,VCCCC03033,1454105,4656
,,17669114,205517506,1195507,VDDDD04153,1454105,13106
,,17669114,2055180469,1195507,VDDDD02156,1454105,13106
,,17669114,95HWW1594,1195507,VDDDD04160,1454105,13106
,,17669114,95HWW1596,1195507,VDDDD03155,1454105,13106
,,17669114,95XIA2710,1195507,VBBBB00072,1454105,13106
,,17669114,95XIA3290,1195507,VDDDD01370,1454105,13106
,,17669114,95XIA384,1195507,VDDDD07149,1454105,13106
,,17669114,95XIW27,1195507,VDDDD08150,1454105,13106
,,17669132,29610030,1195509,VDDDD10321,1454105,12383
,,17669115,208831923,1195507,G001600012,1454105,44646
,,17669117,97974000005001,1195508,G001500002,1454105,48247
,,17669119,1319987-MHJE3,1195508,VAAAA00034,1454105,19379
,,17669119,1319987-MHXH3SK,1195508,VCCCC01013,1454105,19379
,,17669119,13199871-MPU63SK,1195508,VCCCC03027,1454105,19379
,,17669118,1319987-MM143SK,1195508,G002404004,1454105,19379
,,17669116,20904824758,1195508,G000305069,1454105,44646
,,17669120,HP-3FB01AA,1195508,G002701008,1454105,3298
,,17669140,LNZ4X30H56803,1195509,VCCCC03033,1454105,44646
,,17669122,1319981-MPNY3SK,1195508,VAAAA00001,1454105,26981
,,17669148,95SG570,1195510,VCCCC03016,1454105,4883
,,17669145,95XIW400,1195510,VDDDD08148,1454105,44646
,,17668811,34323160,1195474,G002701014,1454105,23299
,,17668811,34323433,1195474,VAAAA00024,1454105,23299
,,17669132,35120346,1195509,VDDDD05027,1454105,12383
,,17668832,98795203,1195468,G000503030,1454105,3769
,,17668806,22040710365,1195473,VDDDD07029,1454105,42872
,,17669126,201042577284,1195509,G000400019,1454105,7929
,,17669127,1129953571,1195470,VAAAA00045,1454105,38367
,,17669127,204200984800,1195470,G001300025,1454105,38367
,,17669127,HP-31C88EA,1195470,VCCCC02004,1454105,38367
,,17669150,D-N-5415-C02,1195510,VCCCC02004,1454105,45945
,,17669129,2039122,1195509,VDDDD04255,1454105,7929
,,17669129,2055159657790,1195509,G001003001,1454105,7929
,,17669129,2100808825,1195509,G002600026,1454105,7929
,,17669129,23100000211,1195509,G001001022,1454105,7929
,,17669147,2171883315,1195510,VDDDD06027,1454105,42686
,,17669159,95XIW400,1195511,VDDDD03148,1454105,7929
,,17669142,LNN82NC00F4CK,1195510,VCCCC03024,1454105,42259
,,17669152,20505066,1195511,VDDDD04260,1454105,8701
,,17669152,20505068,1195511,VDDDD02255,1454105,8701
,,17668973,EC13T944440,1195496,G003400015,1454105,16797
,,17668973,EC13T946140,1195496,VDDDD08233,1454105,16797
,,17669137,AQ764646-B21,1195477,G003610112,1454105,19692
,,17669137,AQ786710-B21,1195477,G003203028,1454105,19692
,,17669137,AQ817738R-B21,1195477,G003601067,1454105,19692
,,17669137,AQ838079-B21,1195477,VDDDD03253,1454105,19692
,,17669137,AQP01367-B21,1195477,G002903021,1454105,19692
,,17669137,AQP06681-B21,1195477,G000310167,1454105,19692
,,17669137,AQ871182-B21,1195477,VDDDD01141,1454105,19692
,,17669137,AQ665246-B21,1195477,VDDDD01146,1454105,19692
,,17668777,J4858C_OEM,1195473,VDDDD03257,1454105,45108
,,17668777,J4859C_OEM,1195473,VDDDD02258,1454105,45108
,,17668777,J8177C_OEM,1195473,VDDDD02254,1454105,45108
,,17668988,2170949137,1195498,G001100001,1454105,16119
,,17668988,D-N-453-BBBR,1195498,G002102021,1454105,16119
,,17669160,95XIW28,1195511,VDDDD04147,1454105,44646
,,17669151,D-N-3510-N2-301,1195510,VCCCC02004,1454105,5463
,,17669143,5170001836,1195477,VDDDD07162,1454105,38636
,,17669143,51722222,1195477,VCCCC00012,1454105,38636
,,17669146,205A00000165,1195510,VDDDD04146,1454105,43425
,,17669146,219104047,1195510,G000205157,1454105,43425
,,17669146,219104089,1195510,G000307091,1454105,43425
,,17669146,4833200538,1195510,G001004028,1454105,43425
,,17669072,HP-3FV67AA,1195504,G003102023,1454105,38636
,,17668735,2055180437,1195464,VDDDD03141,1454105,45810
,,17668735,20171300027400,1195464,VDDDD08144,1454105,45810
,,17669028,EC13S042545,1195501,G003002009,1454105,12829
,,17669028,229012263,1195501,VDDDD09144,1454105,12829
,,17669028,209043927,1195501,G003203008,1454105,12829
,,17669028,231000003744,1195501,VDDDD08318,1454105,12829
,,17669028,2017576684,1195501,VDDDD08145,1454105,12829
,,17668955,29601032187,1195475,G000306238,1454105,3971
,,17668955,296099347,1195475,G002103021,1454105,3971
,,17669162,95XIW27,1195511,VDDDD08143,1454105,44646
,,17669153,133103311-MLK03SK,1195511,VDDDD09145,1454105,42148
,,17669153,21008081091,1195511,G001101019,1454105,42148
,,17669153,21008081093,1195511,G002301027,1454105,42148
,,17668777,54351040,1195473,G001803007,1454105,45108
,,17669154,23100000212,1195471,VCCCC02015,1454105,12819
,,17669154,50261001292,1195471,G002500006,1454105,12819
,,17669154,5027120714,1195471,G001103015,1454105,12819
,,17669154,5027121103,1195471,G002001006,1454105,12819
,,17669154,50271212982,1195471,G002802025,1454105,12819
,,17669154,502712133,1195471,G000600007,1454105,12819
,,17669154,5027122408,1195471,G002700012,1454105,12819
,,17669154,20454186,1195471,VDDDD09136,1454105,12819
,,17669154,517000470,1195471,NENALEZ050,1454105,12819
,,17669154,541403611,1195471,VCCCC02025,1454105,12819
,,17669175,LNTZA940199CZ,1195513,VCCCC01016,1454105,44076
,,17668908,216660235,1195491,G001604028,1454105,39188
,,17668908,95SGHS271,1195491,G002302024,1454105,39188
,,17668817,13570301-MNK43,1195474,VDDDD09135,1454105,20294
,,17668817,20520452,1195474,VDDDD07138,1454105,20294
,,17668817,296030765,1195474,G000103157,1454105,20294
,,17668817,2960307671,1195474,G000603007,1454105,20294
,,17669157,207253590,1195511,G001500016,1454105,44646
,,17669158,958958649105,1195511,G003201021,1454105,7929
,,17668910,29601032179,1195465,G002103011,1454105,39185
,,17669167,95SG359293,1195512,VDDDD09140,1454105,40273
,,17669022,98972000370,1195500,G000301225,1454105,29374
,,17669185,48332003971,1195478,VCCCC02034,1454105,14100
,,17669185,48332003971,1195478,VCCCC02034,1454105,14100
,,17669143,2290105814,1195477,G002301028,1454105,38636
,,17669210,EV12H007A24,1195516,VBBBB02066,1454105,49903
,,17669165,540005143,1195512,VDDDD05140,1454105,15470
,,17668961,95895250934,1195475,VBBBB00057,1454105,16601
,,17669161,2191099987619,1195511,G000303217,1454105,25534
,,17669161,29493194,1195511,G000210188,1454105,25534
,,17669161,526072115736,1195511,G002800009,1454105,25534
,,17669132,2100808907,1195509,G001201028,1454105,12383
,,17669132,23100000319,1195509,G002501012,1454105,12383
,,17669132,95SGO67,1195509,G000602008,1454105,12383
,,17669163,155949510,1195478,G001903002,1454105,20789
,,17669163,184414230,1195478,VCCCC01024,1454105,20789
,,17669163,KTH-PL426E-8G,1195478,VDDDD02124,1454105,20789
,,17669182,5260722562,1195513,VDDDD07269,1454105,45945
,,17668847,IM43D06,1195485,VBBBB01036,1454105,41459
,,17669164,29603030,1195512,G000500028,1454105,44076
,,17669185,48332003971,1195478,VDDDD06203,1454105,14100
,,17669166,5260721156197,1195512,G000800031,1454105,48247
,,17669148,2191060254,1195510,G000402021,1454105,4883
,,17669148,29493331,1195510,G002803021,1454105,4883
,,17669168,200636115,1195472,VBBBB03055,1454105,12480
,,17669168,201064057,1195472,G000702009,1454105,12480
,,17669168,20171300027400,1195472,VDDDD08111,1454105,12480
,,17669168,203800002,1195472,VDDDD04124,1454105,12480
,,17669168,20440055,1195472,VDDDD09284,1454105,12480
,,17669168,2072532412,1195472,VAAAA00028,1454105,12480
,,17669168,2091321622,1195472,VBBBB02070,1454105,12480
,,17669168,23100000260,1195472,VCCCC01021,1454105,12480
,,17669184,807100283,1195514,VDDDD05130,1454105,3821
,,17669184,20440052,1195514,VDDDD06301,1454105,3821
,,17669169,97974000100004,1195478,G002903026,1454105,48247
,,17669169,9797399060,1195478,G002200030,1454105,48247
,,17669170,1930500204,1195512,G002601029,1454105,49487
,,17668944,202230103,1195495,G003501014,1454105,4814
,,17669171,HPEQ2078A,1195512,G001301022,1454105,19606
,,17669180,LNZZG38C03349,1195513,VBBBB02056,1454105,44646
,,17669180,LNTZA8Y0032CZ,1195513,VDDDD04266,1454105,44646
,,17668977,13300423-MK2K3,1195466,VDDDD01126,1454105,20413
,,17669067,50271008,1195503,G002400031,1454105,40358
,,17669198,133103352-MPWW3SK,1195515,VDDDD06128,1454105,39924
,,17669198,133103352-MPVX3SK,1195515,VDDDD09129,1454105,39924
,,17669214,1357021-MNJT3SK,1195516,VBBBB02040,1454105,39924
,,17669195,1357021-MNJT3SK,1195514,VBBBB02040,1454105,39924
,,17669195,1357020-MNPT3,1195514,VCCCC01018,1454105,39924
,,17669218,13570301-MNKA3,1195517,VDDDD07234,1454105,39924
,,17669209,2050110248,1195516,VDDDD06114,1454105,17135
,,17669173,219105100290,1195512,F505500000,1454105,30266
,,17668944,296010320960911,1195495,G001001030,1454105,4814
,,17669202,D-N-5530-P3-704,1195515,VCCCC02011,1454105,22450
,,17669174,95895250901,1195512,G003203015,1454105,2391
,,17668791,209049806,1195465,G001500026,1454105,30666
,,17668791,207259846,1195465,VAAAA00047,1454105,30666
,,17668791,20725976,1195465,VDDDD09112,1454105,30666
,,17668791,2055149552,1195465,VDDDD07208,1454105,30666
,,17668791,20505062,1195465,VCCCC02020,1454105,30666
,,17668791,203910145,1195465,VDDDD08118,1454105,30666
,,17669127,LNN21DJ009RCK,1195470,VCCCC02021,1454105,38367
,,17669127,809-T5D-03504PC,1195470,VDDDD06304,1454105,38367
,,17669127,229020,1195470,G003400030,1454105,38367
,,17669127,2170949121,1195470,G001301030,1454105,38367
,,17669176,50271009,1195513,G002003031,1454105,13109
,,17669176,219986099988,1195513,G000309145,1454105,13109
,,17669176,2072392756362480,1195513,G001500001,1454105,13109
,,17669177,95895250923,1195513,G001500025,1454105,21154
,,17669179,30860621,1195513,G000702013,1454105,4464
,,17669179,30860112,1195513,G001301013,1454105,4464
,,17669177,95895251157,1195513,G000402030,1454105,21154
,,17668811,21006189,1195474,VCCCC02023,1454105,23299
,,17668944,2191060719,1195495,G000004133,1454105,4814
,,17669181,205A0072,1195513,VCCCC01032,1454105,23350
,,17669061,29602271,1195503,G000004164,1454105,3065
,,17669061,29602361,1195503,AKCE000001,1454105,3065
,,17669183,9896763261,1195513,G001200008,1454105,48281
,,17669183,95AL215,1195513,VDDDD08283,1454105,48281
,,17669183,9589584801,1195513,G002003026,1454105,48281
,,17669183,95895251146,1195513,G000500025,1454105,48281
,,17669183,483320053911,1195513,VDDDD06242,1454105,48281
,,17669183,2191099987898,1195513,G000308239,1454105,48281
,,17669183,2191099987894,1195513,G003600245,1454105,48281
,,17669183,2100824511,1195513,G002200025,1454105,48281
,,17669183,2100808810,1195513,G002202008,1454105,48281
,,17669183,205A0070,1195513,VDDDD06212,1454105,48281
,,17668735,95895250901,1195464,G003203015,1454105,45810
,,17669188,187101659908035B3,1195478,G001000016,1454105,27986
,,17669188,204A000002230,1195478,VDDDD07115,1454105,27986
,,17669188,20505062,1195478,VDDDD02128,1454105,27986
,,17669188,205517502,1195478,VDDDD04130,1454105,27986
,,17669188,205517532,1195478,VDDDD06116,1454105,27986
,,17669188,213590769,1195478,G000901008,1454105,27986
,,17669188,219985133,1195478,G000400019,1454105,27986
,,17669188,23100000233,1195478,G001400009,1454105,27986
,,17669188,231000003691,1195478,G003301004,1454105,27986
,,17669188,343233168,1195478,VCCCC02024,1454105,27986
,,17669189,1559495010,1195472,G001600018,1454105,13847
,,17669233,D-N-5620-N3-502,1195519,VBBBB04017,1454105,47270
,,17669191,95895250923,1195514,G001500025,1454105,30212
,,17669078,204A0000032,1195504,VDDDD07120,1454105,42462
,,17669190,958952508840,1195514,G001301008,1454105,8804
,,17669192,921715110,1195514,G000401009,1454105,8688
,,17669192,20454148,1195514,VDDDD09118,1454105,8688
,,17669193,2055159658188,1195514,G002504014,1454105,44646
,,17669238,81901983911,1195519,VDDDD01294,1454105,40879
,,17669194,95895250923,1195514,G001500025,1454105,44076
,,17668870,958971260,1195488,G000309210,1454105,18562
,,17669196,95895252181,1195514,G000305178,1454105,22239
,,17669197,1901203093,1195515,G000802016,1454105,44646
,,17669199,2199860703,1195515,G000208015,1454105,49997
,,17669199,29603040,1195515,G001200016,1454105,49997
,,17669199,2960332,1195515,G000108119,1454105,49997
,,17669199,2960333,1195515,G000105184,1454105,49997
,,17669199,2960370,1195515,G000403005,1454105,49997
,,17669200,297F3U134B12,1195515,G000901015,1454105,43893
,,17669200,297F3U134B11,1195515,G002801025,1454105,43893
,,17669200,296010321614,1195515,G001001025,1454105,43893
,,17669200,2960103202696,1195515,G000110229,1454105,43893
,,17669200,29601031941,1195515,G000110037,1454105,43893
,,17669200,29601031711,1195515,G000602010,1454105,43893
,,17669200,2100808785,1195515,G001300023,1454105,43893
,,17669201,296010321643,1195479,G001001019,1454105,15494
,,17669201,D-D-3000S-501,1195479,VBBBB00020,1454105,15494
,,17668893,34313252,1195490,G001402023,1454105,3070
,,17668893,34313286,1195490,G003100026,1454105,3070
,,17668893,44301377,1195490,VDDDD06230,1454105,3070
,,17668832,9581V232,1195468,VDDDD06292,1454105,3769
,,17669203,95XIW413,1195515,VDDDD07294,1454105,39319
,,17669203,95XIW415,1195515,VDDDD04282,1454105,39319
,,17669203,V710012551,1195515,VDDDD09306,1454105,39319
,,17669203,95XIW405,1195515,VDDDD09291,1454105,39319
,,17669203,95SGN10332,1195515,VCCCC01033,1454105,39319
,,17669203,95SGN10231,1195515,VAAAA00009,1454105,39319
,,17669203,95SGN10230,1195515,VAAAA00030,1454105,39319
,,17669203,958971252,1195515,G000101117,1454105,39319
,,17669203,958971250,1195515,G000107089,1454105,39319
,,17669203,958957517,1195515,G000205192,1454105,39319
,,17669203,2191060767,1195515,G000310153,1454105,39319
,,17669203,2055180447,1195515,VDDDD02288,1454105,39319
,,17669204,2191060833,1195515,G000002019,1454105,3339
,,17669204,2191060833,1195515,G000001220,1454105,3339
,,17669205,204A0000025,1195515,VDDDD02283,1454105,48644
,,17669205,207335212,1195515,G002201026,1454105,48644
,,17669206,2191080747,1195516,G000311062,1454105,40031
,,17669207,217442039,1195516,G001600016,1454105,44646
,,17669208,220105066332,1195516,G001602001,1454105,44646
,,17668735,20505062,1195464,VDDDD07296,1454105,45810
,,17668735,95895250901,1195464,G003203015,1454105,45810
,,17669022,20500220392,1195500,VDDDD08294,1454105,29374
,,17668777,4833200386,1195473,G002701030,1454105,45108
,,17669212,22320325,1195516,G001503015,1454105,45273
,,17669211,95ALPF9778,1195516,G000306016,1454105,26981
,,17669211,95ALPF515,1195516,G001002023,1454105,26981
,,17669211,95ALP2280,1195516,G000204245,1454105,26981
,,17669211,958958471,1195516,G000401011,1454105,26981
,,17669211,9589532129,1195516,G000501020,1454105,26981
,,17669211,1319987-MHJE3,1195516,VAAAA00034,1454105,26981
,,17669211,1319982-MM0A3,1195516,VAAAA00031,1454105,26981
,,17669211,1319981-MMTN2SK,1195516,VAAAA00006,1454105,26981
,,17669215,219104026,1195517,G000402019,1454105,19710
,,17669215,2052047,1195517,VDDDD08296,1454105,19710
,,17668961,22320324,1195475,G002002012,1454105,16601
,,17669212,2017576793,1195516,VCCCC02032,1454105,45273
,,17669216,35120090,1195517,G001001008,1454105,3258
,,17669216,35120091,1195517,G001300010,1454105,3258
,,17669216,35120092,1195517,G003000022,1454105,3258
,,17669216,35120093,1195517,G002700023,1454105,3258
,,17669055,2134009,1195469,G001203012,1454105,6901
,,17669217,5027165013,1195517,G002601010,1454105,45556
,,17668897,34326970,1195490,G003608160,1454105,3287
,,17669220,97974000010003,1195479,G003103029,1454105,13363
,,17669220,1870483619501I543D,1195479,VBBBB03031,1454105,13363
,,17669219,201063812,1195517,G000306161,1454105,40984
,,17669219,201063814,1195517,G000307173,1454105,40984
,,17669219,5027175911,1195517,G000306062,1454105,40984
,,17669219,5027175913,1195517,G000106152,1454105,40984
,,17669244,95XIW25,1195520,VDDDD07189,1454105,20413
,,17669244,95XIW28,1195520,VCCCC01027,1454105,20413
,,17669244,95XIW29,1195520,VDDDD07307,1454105,20413
,,17669228,95XIW25,1195518,VDDDD07189,1454105,20413
,,17669228,95XIW27,1195518,VBBBB00052,1454105,20413
,,17669228,95XIW28,1195518,VCCCC01027,1454105,20413
,,17669228,95XIW29,1195518,VDDDD07307,1454105,20413
,,17668992,95XIW25,1195498,VDDDD08192,1454105,20413
,,17668992,95XIW27,1195498,VBBBB00052,1454105,20413
,,17668992,95XIW28,1195498,VCCCC01027,1454105,20413
,,17668992,95XIW29,1195498,VDDDD07307,1454105,20413
,,17669245,95XIW25,1195520,VDDDD08192,1454105,20413
,,17669245,95XIW28,1195520,VCCCC01027,1454105,20413
,,17669245,95XIW29,1195520,VDDDD07307,1454105,20413
,,17668811,207259754,1195474,VDDDD04194,1454105,23299
,,17669221,133041-MQDP3,1195517,G001000011,1454105,44646
,,17669229,95XIW27,1195518,VBBBB00052,1454105,20413
,,17669229,95XIW28,1195518,VCCCC01027,1454105,20413
,,17669229,95XIW29,1195518,VDDDD03194,1454105,20413
,,17668752,95XIW28,1195463,VCCCC01027,1454105,20413
,,17668752,95XIW29,1195463,VDDDD03194,1454105,20413
,,17668970,95XIW28,1195496,VCCCC01027,1454105,20413
,,17668977,95XIW27,1195466,VBBBB00052,1454105,20413
,,17669249,D-N-5620-N3-504,1195521,VCCCC02031,1454105,45566
,,17669222,20505062,1195517,VDDDD02192,1454105,45523
,,17669222,2100824534,1195517,G002100030,1454105,45523
,,17669222,51721109115,1195517,G001700005,1454105,45523
,,17669222,9589584801,1195517,G002003026,1454105,45523
,,17669154,50271233,1195471,G000207099,1454105,12819
,,17669224,20083244,1195518,G003300020,1454105,4905
,,17669224,20169212530,1195518,VDDDD08194,1454105,4905
,,17669224,20321058405,1195518,VDDDD06189,1454105,4905
,,17669248,ABB21BQS20Q1E,1195520,VCCCC02031,1454105,19379
,,17669223,2960103209642,1195517,G000109206,1454105,29562
,,17669223,2960103209645,1195517,G000803012,1454105,29562
,,17669223,50271212982,1195517,G002802025,1454105,29562
,,17669012,23100000427,1195499,G002803022,1454105,3287
,,17669225,2191080759,1195518,G000100113,1454105,40031
,,17669226,185500031001,1195518,G000500004,1454105,44646
,,17669227,29602382,1195518,G001002011,1454105,29810
,,17669227,29602361,1195518,AKCE000001,1454105,29810
,,17669072,29601032163,1195504,G001102030,1454105,38636
,,17669230,20723927563928,1195518,G001400014,1454105,6566
,,17669231,95SGO391,1195518,G001202007,1454105,28150
,,17669231,1319987-MX542SK,1195518,VCCCC01029,1454105,28150
,,17669232,2040900028930,1195519,G002802029,1454105,48644
,,17669055,95895501I604,1195469,G002204004,1454105,6901
,,17669234,EC13T06C34A,1195519,VBBBB02043,1454105,4822
,,17669234,EC13T06C24A,1195519,VCCCC01034,1454105,4822
,,17669234,EC13T06C14A,1195519,VCCCC01029,1454105,4822
,,17669235,95895251172,1195519,G000003213,1454105,40273
,,17669237,LNZGX40Q17229,1195519,VCCCC00001,1454105,44646
,,17669236,2961009590,1195519,G000103219,1454105,44646
,,17669250,HP-724C1EA,1195521,VCCCC02031,1454105,13206
,,17669240,95895251168,1195520,G000401025,1454105,30670
,,17669239,29772139,1195519,G000004232,1454105,47782
,,17669241,2134009,1195520,G001203012,1454105,8015
,,17669171,2191060626,1195512,G000204043,1454105,19606
,,17669242,34323433,1195473,VAAAA00024,1454105,4734
,,17668837,296030880,1195474,G000208192,1454105,3287
,,17668837,219986100073,1195474,G000003012,1454105,3287
,,17668961,1930500146,1195475,G002800023,1454105,16601
,,17669243,EPR02114Z,1195520,VCCCC00028,1454105,28050
,,17669243,EPR02100,1195520,G000701003,1454105,28050
,,17669243,AQ865408-B21,1195520,G003204001,1454105,28050
,,17669243,4833204153,1195520,G000003088,1454105,28050
,,17669243,4833203809,1195520,G000601004,1454105,28050
,,17669243,34330006,1195520,F505500000,1454105,28050
,,17669243,23100000512,1195520,G001100015,1454105,28050
,,17669247,95895870671,1195520,G000803009,1454105,22239
,,17669246,EC13T580800,1195520,G000206198,1454105,6800
,,17669246,EC13T580400,1195520,G000207006,1454105,6800
,,17669246,EC13T580200,1195520,G000207083,1454105,6800
,,17669246,EC13T580100,1195520,G000210012,1454105,6800
,,17668955,USBAB18H,1195475,G001601007,1454105,3971
,,17669251,1319987-MN6E3SK,1195521,G002201031,1454105,43222
,,17669251,2134028,1195521,G000309129,1454105,43222
