Customer,Product,Address,Qty,Unit,PackageType,ContentQty,X,Y,Z,Weight
11371309,192208,G001501014,1,0,1,1,14,14,2,0.09
11371309,192208,G001501014,1,1,1,80,30,43,30,8.07
11371309,275525,VAAAA00014,2,0,1,1,11,9,9.4,0.192
11371309,275525,VAAAA00014,2,1,1,40,38,52,33,11.58
11371309,306492,VAAAA00019,4,0,1,1,10.4,16.2,9.2,0.202
11371309,306492,VAAAA00019,4,1,1,20,34.5,53.8,21,4.912
11371309,306492,VAAAA00019,4,2,2,560,80,120,157.5,161.5
11371309,315045,G001500021,1,0,1,1,11.8,10.4,8.5,0.208
11371309,315045,G001500021,1,1,1,20,25.7,43.5,23.2,4.632
11371309,326918,G003002011,1,0,1,1,6.7,8.1,2.6,0.06
11371309,326918,G003002011,1,1,1,10,13.8,14.5,14.9,0.746
11371309,371793,VAAAA00022,2,0,1,1,10.4,15.9,9.1,0.222
11371309,371793,VAAAA00022,2,1,1,20,34,53.9,21.3,5.222
11371309,371793,VAAAA00022,2,2,2,540,86,120,135,164.5
11371309,405977,VBBBB01068,1,0,1,1,5.7,22.2,2.5,0.128
11371309,405977,VBBBB01068,1,1,1,10,29.1,36,14.9,1.864
11371309,437448,VAAAA00004,2,0,1,1,6.8,6.7,1.8,0.066
11371309,437448,VAAAA00004,2,1,1,10,17.3,14.4,9.1,0.328
11371309,464769,VAAAA00006,2,0,1,1,8.8,10.6,4.9,0.06
11371309,464769,VAAAA00006,2,1,1,10,19.2,19.5,12.9,0.87
11371309,464770,VCCCC01022,2,0,1,1,6.8,6.7,3,0.06
11371309,464770,VCCCC01022,2,1,1,10,19.3,19.2,12.7,0.85
11371309,474863,VCCCC02025,1,0,1,1,22,31,7,0.82
11371309,474863,VCCCC02025,1,1,1,10,33,47,38,9.25
11371309,504655,G000803008,1,0,1,1,11,11,16,0.128
11371309,504655,G000803008,1,1,1,6,23,34,18,0.938
11371309,504677,G001002007,1,0,1,1,6,6,11,0.06
11371309,504677,G001002007,1,1,1,10,13,31.5,12,0.704
11371309,504678,G003203001,1,0,1,1,6,6,11,0.075
11371309,504678,G003203001,1,1,1,10,13,31.5,12,0.866
11371309,504679,VDDDD09281,1,0,1,1,6,6,12,0.088
11371309,504679,VDDDD09281,1,1,1,10,13,31.5,13.5,0.984
11371309,504705,G003003007,5,0,1,1,4,5,3,0.01
11371309,504705,G003003007,5,1,1,100,17,28,3,1.24
11371309,504706,G000601022,2,0,1,1,3,3,6,0.011
11371309,504706,G000601022,2,1,1,100,15,28.5,13.5,1.23
11371309,506681,G000500024,1,0,1,1,29,21,4,0.72
11371309,506681,G000500024,1,1,1,10,24,36,31,7.88
11371309,522661,VAAAA00023,1,0,1,1,22,5.5,2.7,0.126
11371309,522661,VAAAA00023,1,1,1,10,29,35,11,1.83
11371309,523318,G001902004,1,0,1,1,3,7,3,0.012
11371309,523318,G001902004,1,1,1,100,15,30,16,1.404
11371309,543644,G001000024,1,0,1,1,6,36,26,0.78
11371309,543644,G001000024,1,1,1,10,39,53,30,8.61
11371309,563253,VDDDD05211,2,0,1,1,1,14,12,0.01
11371309,563253,VDDDD05211,2,1,1,10,13,17,15,0.19
11371309,563256,VDDDD06260,3,0,1,1,1,14,12,0.01
11371309,563256,VDDDD06260,3,1,1,10,13,17,15,0.18
11371309,592750,VAAAA00057,1,0,1,1,32.7,33.5,28.1,3.046
11371309,592750,VAAAA00057,1,1,1,2,35,56,34,6.073
11371309,592793,G003201022,1,0,1,1,2,2.5,7,0.006
11371309,592793,G003201022,1,1,1,20,12,14.5,5.5,0.124
11371309,592794,G000310005,1,0,1,1,2,2,7,0.006
11371309,592794,G000310005,1,1,1,20,5.5,11.5,14.5,0.124
11371309,606346,VBBBB01053,2,0,1,1,7,33,24,1.028
11371309,606346,VBBBB01053,2,1,1,10,39,50,35.5,11.4
11371309,610815,VAAAA00017,2,0,1,1,6.7,8.1,2,0.034
11371309,610815,VAAAA00017,2,1,1,10,11.3,14.8,14.8,0.454
11371309,620999,G002304031,1,0,1,1,6,11,6,0.05
11371309,620999,G002304031,1,1,1,10,12,33,13,0.58
11371309,621007,G001402024,1,0,1,1,5,10,6,0.07
11371309,621007,G001402024,1,1,1,10,11,28,12,0.84
11371309,621014,G001101026,5,0,1,1,5,10,5,0.03
11371309,621014,G001101026,5,1,1,10,11,26,11,0.36
11371309,621017,G001301005,4,0,1,1,2,10,5,0.02
11371309,621017,G001301005,4,1,1,10,10,11,12,0.17
11371309,624133,VAAAA00054,2,0,1,1,34.1,31.5,30.2,4.498
11371309,624133,VAAAA00054,2,1,1,2,35.4,65.7,32.4,9.798
11371309,624133,VAAAA00054,2,2,2,40,80,127,174,214
11371309,624880,VAAAA00034,11,0,1,1,6.7,8.2,3,0.086
11371309,624880,VAAAA00034,11,1,1,10,15.8,21.3,14.8,1.212
11371309,635556,G002502010,1,0,1,1,8.3,8.3,2,0.086
11371309,635556,G002502010,1,1,1,10,10.4,21.7,14.2,1.016
11371309,636984,VBBBB01049,1,0,1,1,2.5,9,9,0.056
11371309,636984,VBBBB01049,1,1,1,30,11,29,28,1.978
11371309,650619,VDDDD07212,1,0,1,1,13.2,8.3,2,0.092
11371309,650619,VDDDD07212,1,1,1,10,15,20.3,20,1.346
11371309,661070,VAAAA00027,1,0,1,1,13,7.3,3.7,0.23
11371309,661070,VAAAA00027,1,1,1,10,20.4,44.2,17.7,2.922
11371309,665782,VDDDD07183,1,0,1,1,8.2,14.9,2.8,0.268
11371309,665782,VDDDD07183,1,1,1,10,20.7,27.1,18.8,3.49
11371309,665918,VCCCC00025,1,0,1,1,18.6,26.8,5.5,0.892
11371309,665918,VCCCC00025,1,1,1,5,25.6,34.7,34.1,5.448
11371309,666067,G003202015,1,0,1,1,9,16.4,1.8,0.132
11371309,666067,G003202015,1,1,1,10,30.4,20.7,11.1,1.352
11371309,667042,VDDDD08215,1,0,1,1,9.2,4.5,4.7,0.024
11371309,667042,VDDDD08215,1,1,1,10,10.1,24.5,10.5,0.284
11371309,671143,VDDDD07213,1,0,1,1,3.9,10.9,4,0.02
11371309,671143,VDDDD07213,1,1,1,10,9.3,20.9,12.4,0.254
11371309,672036,VAAAA00031,1,0,1,1,6.7,8,2.3,0.034
11371309,672036,VAAAA00031,1,1,1,10,12.1,14.5,15.3,0.472
11371309,673379,G002103030,1,0,1,1,6.8,8.1,2.7,0.116
11371309,673379,G002103030,1,1,1,10,15.2,20.6,14.5,0.958
11371309,696350,VCCCC02026,1,0,1,1,37.9,28.7,8.4,2.48
11371309,698294,VBBBB00046,2,0,1,1,46.8,28.6,7,2.364
11371309,704501,VCCCC01024,3,0,1,1,9.9,9.9,4.7,0.246
11371309,704501,VCCCC01024,3,1,1,10,35.1,29,13.3,3.302
11371309,704607,VCCCC03031,1,0,1,1,29.6,8.1,3.7,0.346
11371309,704607,VCCCC03031,1,1,1,6,39.1,22.9,14.8,2.936
11371309,704610,VDDDD08234,1,0,1,1,29.6,7.7,3.7,0.358
11371309,704610,VDDDD08234,1,1,1,6,39,22.9,14.9,3.05
11371309,704640,VDDDD07235,1,0,1,1,29.6,7.9,3.7,0.404
11371309,704640,VDDDD07235,1,1,1,6,39,22.8,14.9,3.286
11371309,708300,G002401024,8,0,1,1,13.1,14.4,6.4,0.07
11371309,708300,G002401024,8,1,1,10,32.2,24.4,12.9,0.898
11371310,437448,VAAAA00004,2,0,1,1,6.8,6.7,1.8,0.066
11371310,437448,VAAAA00004,2,1,1,10,17.3,14.4,9.1,0.328
11371310,464770,VCCCC01022,2,0,1,1,6.8,6.7,3,0.06
11371310,464770,VCCCC01022,2,1,1,10,19.3,19.2,12.7,0.85
11371310,602768,G001200022,1,0,1,1,28.5,30.6,1.5,0.488
11371310,602768,G001200022,1,1,1,10,21,34.8,25.3,5.952
11371310,606346,VBBBB01053,1,0,1,1,7,33,24,1.028
11371310,606346,VBBBB01053,1,1,1,10,39,50,35.5,11.4
11371310,619442,VDDDD06251,1,0,1,1,0.1,10,10,0.014
11371310,624880,VAAAA00034,1,0,1,1,6.7,8.2,3,0.086
11371310,624880,VAAAA00034,1,1,1,10,15.8,21.3,14.8,1.212
11371310,661070,VAAAA00027,1,0,1,1,13,7.3,3.7,0.23
11371310,661070,VAAAA00027,1,1,1,10,20.4,44.2,17.7,2.922
11371310,666095,G002102027,1,0,1,1,15.8,8.3,1.8,0.06
11371310,666095,G002102027,1,1,1,10,20.2,19.6,11,0.954
11371310,673612,VDDDD06245,1,0,1,1,10.4,13.6,0.5,0.026
11371310,704499,G000803011,1,0,1,1,9.9,9.9,3.6,0.182
11371310,704499,G000803011,1,1,1,10,35.9,23.5,13.3,2.38
11371310,704501,VCCCC01024,2,0,1,1,9.9,9.9,4.7,0.246
11371310,704501,VCCCC01024,2,1,1,10,35.1,29,13.3,3.302
11371310,704606,VDDDD07238,1,0,1,1,29.6,8,3.7,0.34
11371310,704606,VDDDD07238,1,1,1,6,39.1,22.7,14.9,2.952
11371310,704609,VDDDD06239,1,0,1,1,29.6,7.8,3.7,0.352
11371310,704609,VDDDD06239,1,1,1,6,39.1,22.8,15,3.024
11371310,705788,VAAAA00010,1,0,1,1,35.5,24.5,8.4,0.81
11371310,705788,VAAAA00010,1,1,1,10,51.6,38.2,44.8,9.258
11371311,277183,VAAAA00028,2,0,1,1,5,14,5,0.11
11371311,277183,VAAAA00028,2,1,1,30,23,43,21,6.96
11371311,277185,VDDDD07287,1,0,1,1,4,14,4,0.11
11371311,277185,VDDDD07287,1,1,1,60,23,43,20,7
11371311,277186,VCCCC00018,1,0,1,1,16.3,5.8,5.9,0.122
11371311,277186,VCCCC00018,1,1,1,60,23,43,20,6.9
11371311,564886,G002405004,1,0,1,1,10,47,9,0.652
11371311,564887,G000006132,1,0,1,1,9,47,8,0.564
11371311,564892,G002505003,1,0,1,1,9,47,8,0.524
11371311,635432,VDDDD06240,1,0,1,1,14.4,9.8,2.3,0.088
11371311,635432,VDDDD06240,1,1,1,60,40.1,46.3,27.6,7.702
11371311,635432,VDDDD06240,1,2,2,840,86,120,95,114.5
11371311,635433,VDDDD07243,1,0,1,1,14.4,9.8,2.3,0.086
11371311,635433,VDDDD07243,1,1,1,60,40,46.2,27.6,7.774
11371312,598829,VCCCC01024,50,0,1,1,5,16.5,8,0.36
11371312,598829,VCCCC01024,50,1,1,10,17.5,27,18,3.842
11371312,598829,VDDDD00370,352,0,1,1,5,16.5,8,0.36
11371312,598829,VDDDD00370,352,1,1,10,17.5,27,18,3.842
11371312,659426,G003501012,322,0,1,1,17.7,10.5,3.3,0.072
11371313,512877,G001001017,1,0,1,1,1.5,12,18,0.11
11371313,618196,G000209049,1,0,1,1,13.4,22.2,2.4,0.298
11371313,671053,G000502006,2,0,1,1,15,11.4,1.2,0.02
11371313,691080,VDDDD08174,1,0,1,1,9.2,15.5,1.5,0.098
11371313,695238,VDDDD09257,1,0,1,1,25.4,16.2,3.7,0.716
11371313,695238,VDDDD09257,1,1,1,10,34.1,19.6,27.5,7.528
11371314,665785,VDDDD07241,1,0,1,1,8.2,14.9,2.8,0.272
11371314,665785,VDDDD07241,1,1,1,10,20.5,27.1,18.5,3.498
11371314,707645,VDDDD10257,1,0,1,1,30.5,19.3,5.2,0.896
11371314,707645,VDDDD10257,1,1,1,5,38.4,26.1,33.9,5.584
11371315,458594,G000800019,1,0,1,1,12.9,44.5,2,0.618
11371315,458594,G000800019,1,1,1,5,12.5,53.9,16.9,3.792
11371315,666022,G001202024,1,0,1,1,8.3,11.5,1.6,0.138
11371315,666022,G001202024,1,1,1,10,17.6,19.5,8.5,1.1
11371315,666040,G002400021,1,0,1,1,14.5,22.3,1.9,0.27
11371315,666040,G002400021,1,1,1,10,22.2,26.6,27.8,3.474
11371315,666070,VBBBB00019,1,0,1,1,9,16.5,1.8,0.082
11371315,666070,VBBBB00019,1,1,1,10,30.6,21.7,11.6,1.3
11371315,666212,VDDDD05245,1,0,1,1,7.4,29.1,1.3,0.106
11371315,666212,VDDDD05245,1,1,1,4,10.1,38,14.1,0.67
11371315,666255,VDDDD06237,1,0,1,1,7.4,29.1,1.3,0.104
11371315,666255,VDDDD06237,1,1,1,4,10,37.7,13.9,0.63
11371315,686006,G002901003,1,0,1,1,27.5,18.8,1.9,0.446
11371315,686006,G002901003,1,1,1,10,27,27.6,33,5.454
11371315,704598,G000702012,1,0,1,1,19.5,9.7,1.9,0.088
11371315,704598,G000702012,1,1,1,10,29.2,22.5,12.8,1.358
11371315,704608,VDDDD06236,1,0,1,1,29.7,7.8,3.8,0.356
11371315,704608,VDDDD06236,1,1,1,6,39,23,15.1,2.98
11371316,234429,G000000174,1,0,1,1,16.3,22.4,2.9,1.012
11371316,234429,G000000174,1,1,1,20,14.5,45.5,34.5,21.02
11371316,234431,G002700022,1,0,1,1,22.6,31.2,3,1.98
11371316,234431,G002700022,1,1,1,10,33,46.6,16.7,20.342
11371316,393080,G002802022,1,0,1,1,38.6,49,17.2,2.712
11371316,393080,G002802022,1,1,1,2,43,51.1,20.4,6.146
11371316,609125,VDDDD08298,3,0,1,1,16.3,25.4,3.7,0.762
11371316,609125,VDDDD08298,3,1,1,10,19.7,34.2,27.6,7.488
11371316,614937,G003403013,1,0,1,1,2,31,22,0.779
11371316,626739,VCCCC03001,1,0,1,1,19.3,16.4,16,0.852
11371316,626739,VCCCC03001,1,1,1,6,18.5,51,40,6.126
11371317,130604,G001602019,15,0,1,1,15.6,12.9,2.7,0.064
11371317,130609,G001402026,15,0,1,1,25.3,20.1,4.4,0.108
11371317,237456,G001501021,5,0,1,1,24.3,20.2,4.1,0.198
11371317,237456,G001501021,5,1,1,50,33.9,48.5,30.5,10.55
11371317,686683,VDDDD10297,1,0,1,1,17.6,9,2.9,0.318
11371317,686683,VDDDD10297,1,1,1,20,19.8,28.9,19.8,6.666
11371317,692920,VBBBB03016,1,0,1,1,52.3,31,7.2,2.944
11371318,405977,VDDDD07232,1,0,1,1,5.7,22.2,2.5,0.128
11371318,405977,VDDDD07232,1,1,1,10,29.1,36,14.9,1.864
11371318,665918,VDDDD03240,1,0,1,1,18.6,26.8,5.5,0.892
11371318,665918,VDDDD03240,1,1,1,5,25.6,34.7,34.1,5.448
11371318,675681,VCCCC04031,1,0,1,1,24,25,13.8,1.582
11371319,129967,G003003027,2,0,1,1,51.3,5.9,5.2,1.886
11371319,389842,G000305102,1,0,1,1,8,10,3.5,0.16
11371319,396834,G000402030,1,0,1,1,11.6,9.3,3.3,0.012
11371319,431106,VCCCC01005,1,0,1,1,17,46,38,6.59
11371319,453327,VDDDD11015,1,0,1,1,27.3,26.7,5.8,0.85
11371319,453327,VDDDD11015,1,1,1,10,28.9,57,29.6,9.378
11371319,462362,G001601028,1,0,1,1,12.9,14.9,4.4,0.116
11371319,462362,G001601028,1,1,1,40,32.1,43.7,29,5.186
11371319,504317,G000111212,1,0,1,1,11,20.5,4.5,0.292
11371319,504463,G000208157,1,0,1,1,12.5,7.5,0.1,0.005
11371319,511673,G001403024,1,0,1,1,13,9,3,0.082
11371319,522661,VAAAA00023,2,0,1,1,22,5.5,2.7,0.126
11371319,522661,VAAAA00023,2,1,1,10,29,35,11,1.83
11371319,541106,VDDDD07300,1,0,1,1,10,14,5,0.03
11371319,564380,VBBBB00072,1,0,1,1,32,53,38,9.888
11371319,579458,G001603020,1,0,1,1,9.8,25.7,6.7,0.19
11371319,589613,VDDDD08015,1,0,1,1,23.1,15.8,4.4,0.216
11371319,589613,VDDDD08015,1,1,1,20,22,47,32.5,4.89
11371319,601731,G000802031,1,0,1,1,33.1,27.1,5.8,0.9
11371319,601731,G000802031,1,1,1,10,30,58,30,10.058
11371319,612866,VCCCC03001,1,0,1,1,27.8,34.2,7.5,1.684
11371319,612866,VCCCC03001,1,1,1,4,30.9,37.4,31.2,7.448
11371319,618498,VDDDD09299,2,0,1,1,0.1,12.5,7.5,0.008
11371319,618498,VDDDD09299,2,1,1,25,8.5,14,10,0.218
11371319,624182,G001901012,1,0,1,1,32.1,55.9,7.2,1.696
11371319,624182,G001901012,1,1,1,4,30,38.2,30.3,7.52
11371319,625784,VDDDD06298,1,0,1,1,13.5,13,7.5,0.114
11371319,625784,VDDDD06298,1,1,1,4,15,30.5,14,0.606
11371319,625785,VDDDD09228,1,0,1,1,13.5,13.5,7.5,0.116
11371319,625785,VDDDD09228,1,1,1,4,15,30.5,14,0.618
11371319,632957,G000901008,1,0,1,1,12.6,10.5,1.7,0.08
11371319,632957,G000901008,1,1,1,5,10.9,7.9,13.5,0.442
11371319,657333,G001000015,1,0,1,1,14.7,22.7,5.8,0.296
11371319,680323,VDDDD11011,1,0,1,1,27.9,33.2,5.8,1.174
11371319,680323,VDDDD11011,1,1,1,10,35.1,57.4,30.4,12.73
11371319,681611,G001001005,1,0,1,1,23.3,10.7,2.3,0.09
11371319,681630,G000203137,1,0,1,1,17.8,8.2,1.7,0.048
11371319,681671,G000102175,2,0,1,1,22.1,8.9,2.1,0.098
11371319,681671,G000102175,2,1,1,40,42.5,20.7,25.3,4.51
11371319,681679,G002500013,1,0,1,1,19.5,8.9,2,0.074
11371319,690136,G002504004,3,0,1,1,19.7,12.4,3.2,0.17
11371319,691735,VDDDD09295,1,0,1,1,12.6,12,8.1,0.382
11371319,691735,VDDDD09295,1,1,1,6,39.4,25.9,13.5,2.746
11371319,695293,G000108054,4,0,1,1,12.5,12.4,2.8,0.138
11371319,695538,VCCCC02001,1,0,1,1,49.4,39.8,26.3,6
11371319,698938,G000803005,1,0,1,1,18.2,8.2,2.8,0.104
11371319,698938,G000803005,1,1,1,10,27.7,10,19.6,1.15
11371319,703356,VDDDD09011,1,0,1,1,22.7,12.8,6.7,0.524
11371319,704553,G002702025,1,0,1,1,17.8,8.9,2,0.108
11371319,704553,G002702025,1,1,1,10,21.7,19.8,12.6,1.434
11371319,704560,G000900013,1,0,1,1,19.4,9.6,2,0.12
11371319,704560,G000900013,1,1,1,10,23.2,21.3,13.3,1.61
11371319,705017,G003002002,1,0,1,1,18,9.1,2.2,0.078
11371319,705017,G003002002,1,1,1,6,19.6,14.9,12.4,0.558
11371319,706513,G001201004,2,0,1,1,18.5,11.6,5.7,0.43
11371319,706794,G000803029,1,0,1,1,15.9,7.4,2.4,0.046
11371319,706794,G000803029,1,1,1,20,34,13.1,19.2,2.086
11371319,707768,G001900004,1,0,1,1,27.8,18.9,1.9,0.44
11371319,707768,G001900004,1,1,1,10,27.5,27.1,33.2,5.406
11371319,708920,G000309075,1,0,1,1,20.4,9.1,2.1,0.046
11371319,709509,G000002191,1,0,1,1,26.2,23.1,4.1,1.044
11371320,419722,VBBBB01054,1,0,1,1,8.1,22.5,1.7,0.022
11371320,419722,VBBBB01054,1,1,1,10,14.5,18.9,9.3,0.27
11371320,485528,G001400017,2,0,1,1,12.5,20.5,8,0.13
11371320,485528,G001400017,2,1,1,8,26,31,10.5,1.248
11371320,548561,VDDDD05300,4,0,1,1,10,21,0.1,0.008
11371320,570030,G000210124,2,0,1,1,2.5,5,18,0.11
11371320,570030,G000210124,2,1,1,10,11,13.5,20.5,1.07
11371320,588422,G001901008,1,0,1,1,14.7,10.3,4.1,0.2
11371320,588422,G001901008,1,1,1,5,25.1,12.5,16.6,1.336
11371320,654305,VDDDD08013,2,0,1,1,19.9,27.5,1.2,0.37
11371320,654305,VDDDD08013,2,1,1,5,7.1,28.7,22.3,2.002
11371320,664171,G001801002,1,0,1,1,10.3,14.5,2.5,0.048
11371320,664171,G001801002,1,1,1,80,26,44,27.8,4.15
11371320,666557,G002303005,2,0,1,1,24,33.4,6.2,1.238
11371321,282273,VDDDD09255,1,0,1,1,11.5,11.6,3.9,0.052
11371321,282273,VDDDD09255,1,1,1,60,21.2,59.6,17.2,3.554
11371321,282274,VDDDD03267,1,0,1,1,11.4,11.6,3.8,0.052
11371321,282274,VDDDD03267,1,1,1,60,20,59,17,3.52
11371322,615320,VDDDD04241,1,0,1,1,11.4,11.6,3.9,0.05
11371322,615320,VDDDD04241,1,1,1,60,20.4,59.1,17.7,3.314
11371322,615330,VDDDD02262,1,0,1,1,11.4,11.5,3.9,0.048
11371322,615330,VDDDD02262,1,1,1,60,20.3,59.2,17.4,3.514
11371323,203828,G000803029,3,0,1,1,21.9,30.1,0.9,0.432
11371323,203828,G000803029,3,1,1,20,24,31,17,8.44
11371323,439763,VDDDD10350,1,0,1,1,12.1,33.9,13.8,0.74
11371323,449401,VCCCC01030,1,0,1,1,20,60,38,9.5
11371323,500552,G000309187,1,0,1,1,11.1,16.6,2.8,0.204
11371323,500552,G000309187,1,1,1,20,31.7,40.3,20.6,4.876
11371323,519488,G002403013,1,0,1,1,17,19.5,10,0.764
11371323,587233,G000200049,2,0,1,1,18.6,11.3,1.6,0.07
11371323,673948,G002102012,1,0,1,1,12.8,20.6,1.3,0.02
11371323,696043,VCCCC02035,4,0,1,1,21.4,12.4,7.7,0.578
11371323,696043,VCCCC02035,4,1,1,8,32.8,26.2,22.6,4.972
11371323,708642,VDDDD10341,1,0,1,1,23.9,50.2,13.3,2.644
11371324,650993,VDDDD11343,1,0,1,1,30.3,44.8,8.4,2.432
11371324,661422,G002501025,1,0,1,1,22.7,29.3,3.7,0.73
11371324,661422,G002501025,1,1,1,10,31.4,38.1,26.6,7.966
11371325,465302,G001002007,2,0,1,1,11.4,9,5.6,0.068
11371325,523151,G001101022,1,0,1,1,5,10,3,0.234
11371325,523151,G001101022,1,1,1,48,18,25,22,11.667
11371325,638203,VDDDD10298,1,0,1,1,17.8,13.2,1,0.06
11371325,638203,VDDDD10298,1,1,1,30,14,29,19,1.8
11371325,675267,VBBBB04011,2,0,1,1,26.3,17,4.2,0.694
11371325,675267,VBBBB04011,2,1,1,5,29.9,22.7,21.4,3.9
11371325,702040,G002505014,1,0,1,1,18.2,7,2.6,0.046
11371326,584195,VCCCC02031,10,0,1,1,12.1,12.6,9.4,0.346
11371326,584195,VCCCC02031,10,1,1,6,26.1,39.3,14.4,2.57
11371326,654081,VCCCC03024,4,0,1,1,12.1,8,12.6,0.322
11371326,654081,VCCCC03024,4,1,1,6,26.5,38.8,13.9,2.346
11371326,666451,VDDDD07298,1,0,1,1,9.7,18.1,6.6,0.514
11371326,666451,VDDDD07298,1,1,1,10,22,37.8,22.2,5.792
11371326,672832,G001902027,3,0,1,1,17.6,25.9,4.7,0.774
11371326,672832,G001902027,3,1,1,10,26.9,37.2,33.6,7.972
11371326,674331,VCCCC01027,30,0,1,1,12,13.5,8.2,0.32
11371326,674331,VCCCC01027,30,1,1,6,26.1,38.6,13.7,2.346
11371326,684631,VDDDD07269,5,0,1,1,17.8,8.9,6.1,0.56
11371326,684631,VDDDD07269,5,1,1,20,48.3,27.3,22.2,11.986
11371326,691733,VCCCC03031,8,0,1,1,12.5,12,8.1,0.346
11371326,691733,VCCCC03031,8,1,1,6,39.5,25.9,13.4,2.496
11371326,691737,VDDDD07247,2,0,1,1,12,12.5,8.2,0.394
11371326,691737,VDDDD07247,2,1,1,6,26,38.6,13.3,2.784
11371326,695298,VCCCC01021,15,0,1,1,17.4,9,7.2,0.228
11371326,695298,VCCCC01021,15,1,1,20,39.4,38,21.2,5.4
11371326,695695,VCCCC02024,50,0,1,1,13.1,9.1,4.4,0.104
11371326,695695,VCCCC02024,50,1,1,20,40.5,22.8,15.3,2.56
11371326,695696,VCCCC02025,12,0,1,1,13.4,9.1,4.3,0.104
11371326,695696,VCCCC02025,12,1,1,20,40.4,22.5,15.6,2.546
11371326,695697,VCCCC03021,8,0,1,1,14.2,9,4,0.102
11371326,695697,VCCCC03021,8,1,1,20,38.5,22.4,15.6,2.548
11371326,697407,VDDDD06246,1,0,1,1,17.6,8.6,5.1,0.432
11371326,697407,VDDDD06246,1,1,1,20,46.2,23.9,22.4,9.36
11371326,697409,VDDDD09230,1,0,1,1,17.7,8.6,5.3,0.436
11371326,697409,VDDDD09230,1,1,1,20,47,24.6,22,9.39
11371326,697410,VDDDD05220,3,0,1,1,17.7,8.6,5.2,0.43
11371326,697410,VDDDD05220,3,1,1,20,46.4,23.8,21.6,9.298
11371326,702480,VDDDD06365,5,0,1,1,10.1,10.9,3.6,0.108
11371326,702480,VDDDD06365,5,1,1,20,36.9,23.4,14.2,2.536
11371326,703455,VDDDD03225,1,0,1,1,17.8,9.1,6,0.5
11371326,703455,VDDDD03225,1,1,1,20,49.4,27.1,22,11.072
11371326,704247,VDDDD08220,1,0,1,1,18.1,9.5,6.5,0.592
11371326,704247,VDDDD08220,1,1,1,10,38,22.2,22.5,6.456
11371326,704248,VDDDD08218,1,0,1,1,18.2,9.5,6.5,0.596
11371326,704248,VDDDD08218,1,1,1,10,38,22.2,22.5,6.48
11371326,706179,VDDDD08248,3,0,1,1,17.3,8.8,5.7,0.39
11371326,706179,VDDDD08248,3,1,1,20,38,30.2,21.7,8.602
11371326,706211,VDDDD07229,3,0,1,1,17.3,8.7,5.7,0.388
11371326,706211,VDDDD07229,3,1,1,20,37.7,30.3,21.6,8.568
11371326,706212,VDDDD05240,1,0,1,1,17.2,8.8,5.7,0.39
11371326,706212,VDDDD05240,1,1,1,20,37.6,30.2,21.8,8.584
11371326,706688,VDDDD10296,1,0,1,1,17.6,8.8,6,0.5
11371326,706688,VDDDD10296,1,1,1,10,34.8,20.8,21.4,5.45
11371327,542890,G000301221,1,0,1,1,17.2,10.1,5.3,0.39
11371327,615674,G000902017,15,0,1,1,4,20,8.5,0.215
11371327,615674,G000902017,15,1,1,35,19,44,29,7.913
11371327,678740,VDDDD04196,1,0,1,1,7.6,18.7,3,0.118
11371327,682594,VCCCC02032,6,0,1,1,10.1,10.8,7.7,0.212
11371327,682608,G002003025,3,0,1,1,16.9,9.5,4.3,0.23
11371327,690503,VDDDD07218,1,0,1,1,29,6.8,3.9,0.28
11371327,696331,VCCCC02034,50,0,1,1,18.8,7.6,2.5,0.112
11371327,703714,VDDDD02267,3,0,1,1,17.7,7.6,3.3,0.128
11371327,703714,VDDDD02267,3,1,1,36,38.1,32.8,19.7,5.574
11371327,705329,VDDDD08217,1,0,1,1,19.1,9.3,6.4,0.69
11371327,705329,VDDDD08217,1,1,1,20,48.5,28.5,23.2,14.816
11371327,705342,VDDDD07236,1,0,1,1,26,16.7,4.5,0.834
11371327,705342,VDDDD07236,1,1,1,10,38.9,24,30.4,9.61
11371327,705360,VCCCC01033,60,0,1,1,17.4,8.5,5.2,0.41
11371327,705360,VCCCC01033,60,1,1,20,36.7,27.9,22.5,8.82
11371327,705367,VCCCC01035,30,0,1,1,17.3,8.6,5.2,0.406
11371327,705367,VCCCC01035,30,1,1,20,36.8,27.9,22.6,8.56
11371327,705370,VDDDD05229,1,0,1,1,17.9,9.1,6.2,0.556
11371327,705370,VDDDD05229,1,1,1,20,49.2,27.5,22.1,12.568
11371327,705778,VDDDD08236,4,0,1,1,17.6,8.8,6.1,0.55
11371327,705778,VDDDD08236,4,1,1,20,49.4,27.6,22.3,12.414
11371328,155380,G003201005,12,0,1,1,3.7,11.7,3.4,0.08
11371328,155380,G003201005,12,1,1,12,16.8,23.4,10.4,1.076
11371328,255784,VDDDD05369,1,0,1,1,15,11.3,5.4,0.132
11371328,255784,VDDDD05369,1,1,1,20,23.5,53,15.1,2.90111
11371328,430114,G003601193,1,0,1,1,14.4,10.3,2,0.064
11371328,490710,G000504029,1,0,1,1,12.8,13.3,3.6,0.108
11371328,602506,G000600001,1,0,1,1,19,44.5,35,0.797
11371328,654684,G003404020,1,0,1,1,26,23,16.5,1.726
11371328,705772,G000308239,1,0,1,1,11.3,19.4,1.8,0.072
11371329,464769,VAAAA00006,1,0,1,1,8.8,10.6,4.9,0.06
11371329,464769,VAAAA00006,1,1,1,10,19.2,19.5,12.9,0.87
11371329,485528,G001400017,2,0,1,1,12.5,20.5,8,0.13
11371329,485528,G001400017,2,1,1,8,26,31,10.5,1.248
11371329,686234,G002004025,2,0,1,1,17.5,9,1.2,0.03
11371330,624133,VCCCC04035,1,0,1,1,34.1,31.5,30.2,4.498
11371330,624133,VCCCC04035,1,1,1,2,35.4,65.7,32.4,9.798
11371330,624133,VCCCC04035,1,2,2,40,80,127,174,214
11371331,675267,VDDDD09349,2,0,1,1,26.3,17,4.2,0.694
11371331,675267,VDDDD09349,2,1,1,5,29.9,22.7,21.4,3.9
11371331,706227,VDDDD09298,1,0,1,1,17.7,9,6.1,0.404
11371331,706227,VDDDD09298,1,1,1,10,35.5,20.5,21.9,4.546
11371332,542744,G003201028,69,0,1,1,14.3,14.1,3.3,0.106
11371332,542744,G003201028,69,1,1,100,36.1,41.3,28.6,10.904
11371333,370708,VDDDD07349,2,0,1,1,22,22,6,0.174
11371333,370708,VDDDD07349,2,1,1,48,22,56,49,9.94
11371333,370708,VDDDD07349,2,2,2,768,80,120,136,178
11371334,491126,G000101129,1,0,1,1,10.5,20,1,0.039
11371334,539826,G000104057,1,0,1,1,10.3,19.8,1.1,0.05
11371334,706591,G000203185,1,0,1,1,19.9,11.7,3.2,0.47
11371335,663389,VCCCC00031,30,0,1,1,23.7,23.2,10.9,0.662
11371335,663389,VCCCC00031,30,1,1,4,24.5,43.5,24.5,3.058
11371335,663389,VCCCC00031,30,2,2,140,80,120,132,115
11371336,540628,G000302077,1,0,1,1,13.4,22.3,2.4,0.354
11371336,621042,VCCCC01035,1,0,1,1,24,43,19.5,7
11371337,602768,G001200022,1,0,1,1,28.5,30.6,1.5,0.488
11371337,602768,G001200022,1,1,1,10,21,34.8,25.3,5.952
11371338,485528,G001400017,2,0,1,1,12.5,20.5,8,0.13
11371338,485528,G001400017,2,1,1,8,26,31,10.5,1.248
11371338,619388,G003101011,13,0,1,1,22.5,28.2,6.9,0.932
11371338,619388,G003101011,13,1,1,12,47.1,58.5,23.4,12.424
11371339,286628,G002603021,1,0,1,1,8.9,53.9,8.8,0.844
11371340,548634,G001002008,1,0,1,1,4,10,10,0.18
11371340,548634,G001002008,1,1,1,10,13,25,22,2.3
11371340,548634,G001002008,1,2,2,1200,80,120,127,286
11371340,624880,VAAAA00034,4,0,1,1,6.7,8.2,3,0.086
11371340,624880,VAAAA00034,4,1,1,10,15.8,21.3,14.8,1.212
11371340,665777,VDDDD08219,1,0,1,1,8.2,14.9,2.8,0.272
11371340,665777,VDDDD08219,1,1,1,10,20.4,27,18.4,3.462
11371341,674333,VCCCC01031,1,0,1,1,12.1,12.7,8.1,0.298
11371341,674333,VCCCC01031,1,1,1,6,39.1,26.2,13.6,2.182
11371342,708433,VBBBB00073,10,0,1,1,44.7,30.5,8.4,2.388
11371342,708434,VCCCC01032,10,0,1,1,48.9,9.2,33.5,2.912
11371342,709588,VBBBB01060,10,0,1,1,33.9,48.9,9.1,3.004
11371343,659617,VBBBB04060,1,0,1,1,33.1,46.6,9.1,2.634
11371344,151233,G001502013,2,0,1,1,11.4,11.6,3.9,0.048
11371344,151233,G001502013,2,1,1,60,20,59,17,3.25
11371344,151235,G000602001,1,0,1,1,11.3,4.6,11.6,0.058
11371344,151235,G000602001,1,1,1,60,20,59,17,3.9
11371344,151696,G000108134,1,0,1,1,11,19.5,3,0.23
11371344,290084,G001200009,1,0,1,1,14.8,7,3.2,0.06
11371344,290084,G001200009,1,1,1,96,22.6,55.9,25.9,6.558
11371344,290089,G001201008,1,0,1,1,11,9.7,2.1,0.4
11371344,290089,G001201008,1,1,1,96,21.3,44.3,18.8,4.39
11371344,311893,G000004180,1,0,1,1,28.1,19.2,5,0.46
11371344,311893,G000004180,1,1,1,20,51,58,23,10.76
11371344,358135,G000110201,1,0,1,1,5.1,16.8,2.7,0.04
11371344,358135,G000110201,1,1,1,24,26,20.5,16.2,1.549
11371344,523151,G001101022,2,0,1,1,5,10,3,0.234
11371344,523151,G001101022,2,1,1,48,18,25,22,11.667
11371344,523152,G001203017,3,0,1,1,14.1,5.1,3,0.472
11371344,523152,G001203017,3,1,1,12,20.4,31.8,5.9,5.794
11371344,547309,VCCCC00009,1,0,1,1,37,24.6,10.9,1.49
11371344,547309,VCCCC00009,1,1,1,6,39.2,50.9,34.5,10.054
11371344,618992,G000310035,1,0,1,1,3.5,10,11,0.12
11371344,618995,G000109213,1,0,1,1,3.5,10,11,0.12
11371344,618996,G000110202,1,0,1,1,3.5,10,11,0.12
11371344,619000,G000702005,2,0,1,1,10.1,11.3,3.6,0.12
11371345,680048,G000400009,1,0,1,1,31.1,23,5.2,1.832
11371345,680079,G002902026,1,0,1,1,26.3,31.9,4.2,0.674
11371346,239992,G003300008,1,0,1,1,16,38,25,1.86
11371346,435933,G001903003,1,0,1,1,20.2,35.2,16.3,1.398
11371346,587361,G002505024,2,0,1,1,20,37.5,14,1.538
11371347,261249,G000700025,1,0,1,1,17.2,22.1,6.5,0.504
11371347,261249,G000700025,1,1,1,10,23.9,34.5,37.6,5.602
11371347,261249,G000700025,1,2,3,750,120,204,110,434
11371347,275525,VAAAA00014,15,0,1,1,11,9,9.4,0.192
11371347,275525,VAAAA00014,15,1,1,40,38,52,33,11.58
11371347,281509,G003501023,10,0,1,1,14.1,13.1,3.2,0.138
11371347,281509,G003501023,10,1,1,60,30,41.3,33.4,5.562
11371347,315045,G001500021,5,0,1,1,11.8,10.4,8.5,0.208
11371347,315045,G001500021,5,1,1,20,25.7,43.5,23.2,4.632
11371347,362059,G003202008,5,0,1,1,13.9,21.1,4,0.158
11371347,362059,G003202008,5,1,1,40,30.5,44,41.5,7.2
11371347,366301,G001800007,10,0,1,1,13,14,3.3,0.078
11371347,366301,G001800007,10,1,1,60,30.2,40.8,33.4,5.482
11371347,366303,VAAAA00033,5,0,1,1,10.5,15.9,9.2,0.212
11371347,366303,VAAAA00033,5,1,1,20,33.9,57.8,21,5.064
11371347,366303,VAAAA00033,5,2,2,480,80,120,135,126.5
11371347,371793,VAAAA00022,75,0,1,1,10.4,15.9,9.1,0.222
11371347,371793,VAAAA00022,75,1,1,20,34,53.9,21.3,5.222
11371347,371793,VAAAA00022,75,2,2,540,86,120,135,164.5
11371347,394420,VCCCC00002,5,0,1,1,14,21,9.5,0.63
11371347,394420,VCCCC00002,5,1,1,10,29,50,23.5,6.84
11371347,403576,VDDDD08039,1,0,1,1,23,30.8,7.2,0.662
11371347,403576,VDDDD08039,1,1,1,10,33,48.1,38.3,7.638
11371347,403576,VDDDD10047,1,0,1,1,23,30.8,7.2,0.662
11371347,403576,VDDDD10047,1,1,1,10,33,48.1,38.3,7.638
11371347,449868,VCCCC00031,1,0,1,1,7.5,25,22.5,0.488
11371347,449868,VCCCC00031,1,1,1,20,41,52,47,11.22
11371347,449868,VCCCC00031,1,2,2,160,82,120,108,105
11371347,466351,VAAAA00046,1,0,1,1,29.5,24.3,8,0.704
11371347,466351,VAAAA00046,1,1,1,10,41.1,51.3,32,8.084
11371347,466351,VAAAA00046,1,2,2,200,176,180,120,182
11371347,493435,G001302005,5,0,1,1,8.5,10,14,0.23
11371347,493435,G001302005,5,1,1,32,42,44.5,46.5,15.3
11371347,495921,G001900015,5,0,1,1,9.5,16.5,10.5,0.348
11371347,495921,G001900015,5,1,1,20,35,50,23,7.16
11371347,508632,VAAAA00044,15,0,1,1,23.5,28.5,7,0.63
11371347,508632,VAAAA00044,15,1,1,20,49,59.5,38.5,14.17
11371347,508632,VAAAA00044,15,2,2,240,80,120,160.5,184
11371347,512198,G003001013,4,0,1,1,8,9,6,0.14
11371347,512198,G003001013,4,1,1,80,32.5,37,34,11.7
11371347,540670,VDDDD11047,1,0,1,1,24.4,36.6,11,1.474
11371347,540670,VDDDD11047,1,1,1,6,39.1,51.4,34.1,9.822
11371347,540670,VDDDD11047,1,2,2,72,80,120,115.5,136
11371347,562950,VCCCC00002,2,0,1,1,35.7,22.2,24.5,2.036
11371347,562950,VCCCC00002,2,1,1,4,28,50,45,10.492
11371347,592285,G002800012,30,0,1,1,10.3,14.5,2.5,0.098
11371347,592285,G002800012,30,1,1,80,26.1,44.4,27.4,4.832
11371347,594907,VAAAA00035,5,0,1,1,24.4,35.2,8.6,0.808
11371347,594907,VAAAA00035,5,1,1,10,37.8,51,44.4,9.308
11371347,594907,VAAAA00035,5,2,2,120,80,120,148,122
11371347,595475,VCCCC00003,10,0,1,1,14.8,26.1,6.8,0.29
11371347,595475,VCCCC00003,10,1,1,30,38,48.4,35.8,9.536
11371347,595475,VCCCC00003,10,2,2,360,80,120,120,132
11371347,623044,VCCCC03003,4,0,1,1,25.2,22.4,8,0.508
11371347,623044,VCCCC03003,4,1,1,20,41,51.5,47,11.398
11371347,631553,VDDDD11043,1,0,1,1,27,41.7,9.4,1.482
11371347,631553,VDDDD11043,1,1,1,8,38.6,56.2,44,13.182
11371347,631553,VDDDD11043,1,2,2,96,80,120,145,177
11371347,634442,VDDDD10021,1,0,1,1,23.3,19.3,10.2,0.696
11371347,654690,VCCCC02002,2,0,1,1,22.8,29.9,7.7,0.638
11371347,654690,VCCCC02002,2,1,1,10,32.2,47.7,41.7,7.352
11371347,658052,VCCCC00004,20,0,1,1,33.2,24.3,7.8,0.836
11371347,658052,VCCCC00004,20,1,1,10,35.7,50.5,40.2,9.42
11371347,658052,VCCCC00004,20,2,2,120,80,120,133,120
11371347,658070,G002900029,1,0,1,1,24.4,34.8,6.7,0.572
11371347,658070,G002900029,1,1,1,10,37.7,50.6,36.1,6.812
11371347,664170,VDDDD07013,1,0,1,1,14.9,14.5,7.2,0.306
11371347,670371,VDDDD11035,1,0,1,1,24.6,33.4,7.6,0.988
11371347,670371,VDDDD11035,1,1,1,10,35.5,50.6,40.4,10.512
11371347,690845,G000901023,1,0,1,1,22.5,20,12.7,1.022
11371347,702307,G000800020,1,0,1,1,16.5,32.5,16.3,1.532
11371347,702307,G000800020,1,1,1,6,35,52.6,33.9,10.182
11371348,639932,G001502018,1,0,1,1,16.6,8.2,4.9,0.076
11371348,639932,G001502018,1,1,1,64,27,39,35.5,4.986
11371348,640783,G002303029,1,0,1,1,11,6,6,0.04
11371348,640783,G002303029,1,1,1,10,12,31,13,0.56
11371348,665782,VCCCC02019,1,0,1,1,8.2,14.9,2.8,0.268
11371348,665782,VCCCC02019,1,1,1,10,20.7,27.1,18.8,3.49
11371348,705788,VAAAA00010,1,0,1,1,35.5,24.5,8.4,0.81
11371348,705788,VAAAA00010,1,1,1,10,51.6,38.2,44.8,9.258
11371349,155380,G003201005,48,0,1,1,3.7,11.7,3.4,0.08
11371349,155380,G003201005,48,1,1,12,16.8,23.4,10.4,1.076
11371350,424595,VCCCC04036,3,0,1,1,37,41.3,15.6,1.096
11371350,424595,VCCCC04036,3,1,1,3,37,77,16.5,4.59
11371350,424595,VCCCC04036,3,2,2,63,80,132,117,105
11371351,448770,VCCCC03002,1,0,1,1,9.4,29.7,9.2,0.658
11371351,448770,VCCCC03002,1,1,1,20,36,63,27.5,8
11371351,652479,G002501010,1,0,1,1,5.5,28.5,20,1.088
11371351,652479,G002501010,1,1,1,10,31,42,29,11.348
11371351,679301,VBBBB01067,1,0,1,1,27.8,17.3,1.8,0.338
11371351,679900,VBBBB02064,1,0,1,1,57.4,35.4,8.9,4.606
11371352,513120,VDDDD07226,5,0,1,1,10.1,15.1,0.9,0.018
11371352,513120,VDDDD07226,5,1,1,50,11.6,25.9,17.1,0.892
11371352,513121,VDDDD05296,5,0,1,1,10.1,0.8,15.2,0.1892
11371352,513121,VDDDD05296,5,1,1,25,11.1,13.3,16.5,0.473
11371353,635433,VDDDD05295,1,0,1,1,14.4,9.8,2.3,0.086
11371353,635433,VDDDD05295,1,1,1,60,40,46.2,27.6,7.774
11371354,659716,VDDDD06230,1,0,1,1,15.2,9.3,1.4,0.096
11371354,659716,VDDDD06230,1,1,1,25,20.2,32.1,10.4,2.61
11371354,687284,VDDDD09297,1,0,1,1,14.1,13.5,7.5,0.452
11371354,687284,VDDDD09297,1,1,1,10,38.8,28.3,16.8,5.016
11371355,705363,VDDDD08296,1,0,1,1,17.7,8.3,5,0.368
11371355,705363,VDDDD08296,1,1,1,20,44.8,23.3,22.5,8.004
11371356,626733,G003608060,1,0,1,1,5,18,10,0.04
11371356,626733,G003608060,1,1,1,6,10,19,13,0.5
11371356,697233,VDDDD08299,1,0,1,1,17.9,11.5,4.3,0.082
11371356,697233,VDDDD08299,1,1,1,10,34.9,20,13.8,1.044
11371356,698036,VDDDD06225,1,0,1,1,15.4,10.2,1.7,0.024
11371356,698036,VDDDD06225,1,1,1,5,19.5,11,8.8,0.174
11371356,705014,G000209212,1,0,1,1,18,9.1,2.4,0.076
11371356,705014,G000209212,1,1,1,6,19.6,14.5,12.8,0.556
11371357,659887,VDDDD04300,10,0,1,1,15.1,5.5,1.4,0.028
11371358,615676,G000300173,1,0,1,1,6,9.5,9.5,0.18
11371358,617965,G000109112,4,0,1,1,2,5.5,12,0.042
11371359,387848,G000801023,2,0,1,1,17.1,14.3,3.7,0.184
11371359,387848,G000801023,2,1,1,70,31,44,26,10.14
11371359,462465,G000700012,1,0,1,1,34.6,18.6,14.4,0.734
11371359,462465,G000700012,1,1,1,4,35.5,38.2,31.1,3.488
11371359,547428,G000701009,1,0,1,1,24,22.5,10.5,1.006
11371359,547428,G000701009,1,1,1,8,45,47,26.5,8.934
11371359,565997,G000800001,1,0,1,1,10.5,24.5,22.5,0.91
11371359,565997,G000800001,1,1,1,8,26.5,47,45,8.22
11371359,598387,G000108119,1,0,1,1,6.9,8.8,0.8,0.106
11371360,487668,G002801025,1,0,1,1,12.8,14.1,1.8,0.062
11371360,487668,G002801025,1,1,1,100,29,40.3,27.4,5.36
11371360,631998,G000308129,1,0,1,1,7.1,7.6,2.4,0.03
11371361,425955,G000110151,1,0,1,1,13.7,34.1,7,0.478
11371362,437448,VAAAA00004,1,0,1,1,6.8,6.7,1.8,0.066
11371362,437448,VAAAA00004,1,1,1,10,17.3,14.4,9.1,0.328
11371362,464769,VAAAA00006,1,0,1,1,8.8,10.6,4.9,0.06
11371362,464769,VAAAA00006,1,1,1,10,19.2,19.5,12.9,0.87
11371362,592750,VCCCC01006,1,0,1,1,32.7,33.5,28.1,3.046
11371362,592750,VCCCC01006,1,1,1,2,35,56,34,6.073
11371362,610815,VAAAA00017,2,0,1,1,6.7,8.1,2,0.034
11371362,610815,VAAAA00017,2,1,1,10,11.3,14.8,14.8,0.454
11371362,624880,VAAAA00034,4,0,1,1,6.7,8.2,3,0.086
11371362,624880,VAAAA00034,4,1,1,10,15.8,21.3,14.8,1.212
11371362,635556,G002502010,1,0,1,1,8.3,8.3,2,0.086
11371362,635556,G002502010,1,1,1,10,10.4,21.7,14.2,1.016
11371362,672036,VAAAA00031,1,0,1,1,6.7,8,2.3,0.034
11371362,672036,VAAAA00031,1,1,1,10,12.1,14.5,15.3,0.472
11371362,698294,VBBBB01003,2,0,1,1,46.8,28.6,7,2.364
11371362,704501,VCCCC02004,2,0,1,1,9.9,9.9,4.7,0.246
11371362,704501,VCCCC02004,2,1,1,10,35.1,29,13.3,3.302
11371362,704577,G001500028,1,0,1,1,19.5,9.6,1.8,0.092
11371362,704577,G001500028,1,1,1,10,28.6,22,12.1,1.386
11371362,707790,VBBBB02056,1,0,1,1,22.2,5.7,2.7,0.136
11371362,707790,VBBBB02056,1,1,1,10,36,29,14.9,2.036
11371363,685431,G003100020,2,0,1,1,18.3,22.9,24.2,16.62
11371364,594571,G000404012,1,0,1,1,14,27.5,21.5,0.606
11371365,286120,VCCCC00016,1,0,1,1,18.5,18.5,7,0.43
11371365,286120,VCCCC00016,1,1,1,8,31,39,22,3.83
11371365,292216,G000602025,1,0,1,1,6.8,15.5,1.9,0.04
11371365,292216,G000602025,1,1,1,10,22,14.7,10,0.528
11371365,306492,VAAAA00019,1,0,1,1,10.4,16.2,9.2,0.202
11371365,306492,VAAAA00019,1,1,1,20,34.5,53.8,21,4.912
11371365,306492,VAAAA00019,1,2,2,560,80,120,157.5,161.5
11371365,371793,VAAAA00022,1,0,1,1,10.4,15.9,9.1,0.222
11371365,371793,VAAAA00022,1,1,1,20,34,53.9,21.3,5.222
11371365,371793,VAAAA00022,1,2,2,540,86,120,135,164.5
11371365,437448,VAAAA00004,2,0,1,1,6.8,6.7,1.8,0.066
11371365,437448,VAAAA00004,2,1,1,10,17.3,14.4,9.1,0.328
11371365,449087,VAAAA00042,1,0,1,1,10.5,20.1,9.1,0.26
11371365,449087,VAAAA00042,1,1,1,20,34,53,20,7.61
11371365,464769,VAAAA00006,1,0,1,1,8.8,10.6,4.9,0.06
11371365,464769,VAAAA00006,1,1,1,10,19.2,19.5,12.9,0.87
11371365,485730,VDDDD02234,1,0,1,1,0.2,9,13,0.02
11371365,504705,G003003007,3,0,1,1,4,5,3,0.01
11371365,504705,G003003007,3,1,1,100,17,28,3,1.24
11371365,508632,VAAAA00044,2,0,1,1,23.5,28.5,7,0.63
11371365,508632,VAAAA00044,2,1,1,20,49,59.5,38.5,14.17
11371365,508632,VAAAA00044,2,2,2,240,80,120,160.5,184
11371365,592750,VCCCC01006,1,0,1,1,32.7,33.5,28.1,3.046
11371365,592750,VCCCC01006,1,1,1,2,35,56,34,6.073
11371365,610815,VAAAA00017,2,0,1,1,6.7,8.1,2,0.034
11371365,610815,VAAAA00017,2,1,1,10,11.3,14.8,14.8,0.454
11371365,621010,G003001024,2,0,1,1,12,5,4,0.04
11371365,621010,G003001024,2,1,1,10,12,20,12,0.34
11371365,624880,VAAAA00034,6,0,1,1,6.7,8.2,3,0.086
11371365,624880,VAAAA00034,6,1,1,10,15.8,21.3,14.8,1.212
11371365,665918,VCCCC00025,1,0,1,1,18.6,26.8,5.5,0.892
11371365,665918,VCCCC00025,1,1,1,5,25.6,34.7,34.1,5.448
11371365,670951,G002602031,1,0,1,1,5,8,5.1,0.046
11371365,670951,G002602031,1,1,1,6,11.7,17.3,7.6,0.346
11371365,671143,VBBBB02059,1,0,1,1,3.9,10.9,4,0.02
11371365,671143,VBBBB02059,1,1,1,10,9.3,20.9,12.4,0.254
11371365,672036,VAAAA00031,1,0,1,1,6.7,8,2.3,0.034
11371365,672036,VAAAA00031,1,1,1,10,12.1,14.5,15.3,0.472
11371365,686033,G001100006,1,0,1,1,12.9,7.3,3.7,0.234
11371365,686033,G001100006,1,1,1,10,44.4,20.3,17.6,2.928
11371365,695403,VBBBB03003,1,0,1,1,53.4,33.4,7.7,2.422
11371365,698294,VBBBB01003,2,0,1,1,46.8,28.6,7,2.364
11371365,704501,VBBBB02057,1,0,1,1,9.9,9.9,4.7,0.246
11371365,704501,VBBBB02057,1,1,1,10,35.1,29,13.3,3.302
11371365,704609,VDDDD10365,1,0,1,1,29.6,7.8,3.7,0.352
11371365,704609,VDDDD10365,1,1,1,6,39.1,22.8,15,3.024
11371365,708299,G003203011,3,0,1,1,12.8,4.9,3.7,0.026
11371365,708299,G003203011,3,1,1,6,15.9,11.8,12.6,0.202
11371366,627425,VBBBB02040,1,0,1,1,11.1,35.1,26.4,2.564
11371366,627425,VBBBB02040,1,2,2,110,145,11,79,299
11371367,627425,VBBBB02040,1,0,1,1,11.1,35.1,26.4,2.564
11371367,627425,VBBBB02040,1,2,2,110,145,11,79,299
11371368,65342,VBBBB03001,5,0,1,1,8.3,32.4,3.7,0.13
11371368,65342,VBBBB03001,5,1,1,100,37.3,61.8,44.9,14.774
11371368,211236,G001600011,1,0,1,1,6.3,31,6.2,0.208
11371368,211236,G001600011,1,1,1,12,24,32,17,2.49
11371368,243360,G002601007,6,0,1,1,36.9,20.3,11.4,0.766
11371368,243360,G002601007,6,1,1,3,38.2,36.1,22.6,2.806
11371368,440445,G001701001,1,0,1,1,10.6,30.3,7.4,0.366
11371368,440445,G001701001,1,1,1,6,23.3,31.4,22.7,2.428
11371368,449874,G002001008,5,0,1,1,15,9.4,1.8,0.054
11371368,449874,G002001008,5,1,1,5,11.6,8.7,13,0.288
11371368,474814,VAAAA00029,3,0,1,1,34.9,10.6,14.8,0.466
11371368,474814,VAAAA00029,3,1,1,8,36.7,45.1,31.3,4.394
11371368,474814,VAAAA00029,3,2,2,160,140,180,120,121
11371368,513079,VDDDD03228,10,0,1,1,7.6,0.9,12.7,0.11876
11371368,513079,VDDDD03228,10,1,1,50,8.6,28.4,13.6,0.5938
11371369,681726,VDDDD09227,1,0,1,1,17.5,9.2,3.8,0.348
11371369,681726,VDDDD09227,1,1,1,20,38.9,20.5,20,7.396
11371370,165658,G001000031,1,0,1,1,29.8,9.3,9.5,0.672
11371370,165658,G001000031,1,1,1,20,36.5,50,27,8.1
11371370,611526,G001300014,5,0,1,1,28,24.3,4.4,0.294
11371370,611526,G001300014,5,1,1,20,36.5,44.3,16.8,5.996
11371371,640195,VDDDD07260,1,0,1,1,9.9,14.4,2.3,0.078
11371371,640195,VDDDD07260,1,1,1,60,40,46.4,27.6,6.896
11371371,656828,VBBBB05061,1,0,1,1,33.5,23.9,6.1,0.918
11371371,656828,VBBBB05061,1,1,1,10,33.6,53,36.4,9.95
11371371,659719,VDDDD10195,1,0,1,1,15,9.5,1.4,0.098
11371371,659719,VDDDD10195,1,1,1,25,20.1,31.8,10.4,2.722
11371371,680946,G002402015,1,0,1,1,33.2,30.8,7.5,1.066
11371371,683694,G001401001,1,0,1,1,10.8,10.6,8.4,0.328
11371371,704969,VDDDD09216,1,0,1,1,10.4,11.7,4.7,0.086
11371371,704969,VDDDD09216,1,1,1,5,24.3,13.3,13,0.526
11371372,703165,VAAAA00055,8,0,1,1,49.3,39.8,26.8,6.346
11371373,456461,G002800024,1,0,1,1,10,15,3,0.45
11371373,456461,G002800024,1,1,1,20,27,49,21,9.85
11371373,523315,VBBBB05074,4,0,1,1,16,43.5,45.5,2.162
11371374,699204,VDDDD07230,1,0,1,1,17.5,9.2,4.2,0.344
11371374,699204,VDDDD07230,1,1,1,20,38.7,22,19.7,7.306
11371375,540345,G002803005,1,0,1,1,6.1,8.1,3.3,0.024
11371375,572824,G000102231,1,0,1,1,5,16,2.5,0.04
11371376,392373,VBBBB05060,1,0,1,1,36.6,9.9,11.3,0.756
11371376,392374,G002305026,1,0,1,1,9.9,36.5,11.3,0.748
11371376,392375,G002001027,1,0,1,1,9.8,36.5,11.3,0.748
11371377,685448,VDDDD07225,1,0,1,1,16.9,8.2,3,0.288
11371378,659862,VDDDD07221,1,0,1,1,12.4,17.2,1.7,0.182
11371379,710853,G003606102,2,0,1,1,10,18,1.5,0.048
11371380,691742,VDDDD07364,2,0,1,1,17,9.2,1.4,0.046
11371381,675510,G002501021,16,0,1,1,14.7,23.3,9,1.088
11371381,675510,G002501021,16,1,1,4,25.3,47.9,18.2,4.766
11371381,685787,VBBBB01071,8,0,1,1,50.8,31.4,6.9,2.804
11371381,685787,VBBBB01071,8,2,2,130,169,120,80,376
11371382,692171,G002902030,1,0,1,1,15.4,12.7,3.1,0.674
11371382,692171,G002902030,1,1,1,20,50,27.5,21.8,14.28
11371383,140689,G000505013,1,0,1,1,9,38,9,0.8
11371383,140689,G000505013,1,1,1,12,36,41,28,10.54
11371383,211852,VDDDD03061,2,0,1,1,11.4,11.7,3.9,0.048
11371383,211852,VDDDD03061,2,1,1,60,20,59,17,3.3
11371383,255206,VDDDD09021,1,0,1,1,16,36,9,0.67
11371383,293320,G002102022,1,0,1,1,11.4,12.3,3.7,0.082
11371383,293320,G002102022,1,1,1,40,24.3,32.2,18.5,3.642
11371383,293321,G002102020,1,0,1,1,9.6,12.4,2.6,0.044
11371383,293321,G002102020,1,1,1,40,20.8,25.7,15.9,1.9
11371383,293322,G002202025,1,0,1,1,9.6,12.4,2.6,0.044
11371383,293322,G002202025,1,1,1,40,25.6,20.8,15.9,1.906
11371383,293323,G002103022,1,0,1,1,9.5,2.4,12.4,0.042
11371383,293323,G002103022,1,1,1,40,21,32,16,2.14
11371383,385095,G001401010,1,0,1,1,17.9,7.1,5.4,0.134
11371383,385095,G001401010,1,1,1,16,19,47,18,2.347
11371383,394207,G000601021,1,0,1,1,13,5.2,4.6,0.082
11371383,394207,G000601021,1,1,1,20,23.9,21.9,13.8,1.806
11371383,394208,G000502028,1,0,1,1,5.2,13.3,4.6,0.082
11371383,394208,G000502028,1,1,1,20,23.7,21.8,13.9,1.808
11371383,394209,G002702026,1,0,1,1,5.2,13.5,4.7,0.08
11371383,394209,G002702026,1,1,1,20,23.7,21.7,13.9,1.798
11371383,400504,G000903018,1,0,1,1,10.4,36.6,20,1.054
11371383,400504,G000903018,1,2,2,105,114,80,120,133
11371383,403423,VBBBB04005,1,0,1,1,10.3,36.5,12.5,0.812
11371383,417066,VBBBB01035,3,0,1,1,12.4,12,3.7,0.126
11371383,417066,VBBBB01035,3,1,1,40,32,25.6,18.1,4.984
11371383,417067,G000702029,1,0,1,1,12.4,11.3,2.6,0.062
11371383,417067,G000702029,1,1,1,50,25.1,30.7,16,3.436
11371383,417068,G000902021,3,0,1,1,12.4,11.4,2.5,0.068
11371383,417068,G000902021,3,1,1,50,25.1,30.7,15.8,3.48
11371383,417069,G001402018,3,0,1,1,11.5,12.4,2.5,0.064
11371383,417069,G001402018,3,1,1,50,30.8,25,16,3.44
11371383,486617,VCCCC02007,3,0,1,1,26.3,36,10.3,0.924
11371383,486642,VBBBB04006,3,0,1,1,15.7,35.3,10.9,0.976
11371383,486642,VBBBB04006,3,1,1,4,42,46,32,4.65
11371383,486642,VBBBB04006,3,2,3,168,122,241,92,154.56
11371383,487838,G000601005,1,0,1,1,15,10,7,0.056
11371383,487838,G000601005,1,1,1,60,16,59,25.5,3.71
11371383,505527,G002203023,1,0,1,1,6,13,6,0.16
11371383,505527,G002203023,1,1,1,20,26.5,29.6,16.4,3.514
11371383,570271,VBBBB04062,1,0,1,1,10,50,10,1.44
11371383,570271,VBBBB04062,1,2,2,168,114,72,110,162
11371383,570272,VBBBB04061,1,0,1,1,10.4,36.5,12.6,0.794
11371383,570273,VBBBB03060,1,0,1,1,10,58,10,1.4
11371383,570273,VBBBB03060,1,2,2,168,115,72,110,176
11371383,570274,VDDDD10071,1,0,1,1,36.7,10.3,12.6,0.792
11371383,576879,VBBBB03059,1,0,1,1,34.4,34.7,9.7,1.432
11371383,576879,VBBBB03059,1,1,1,2,35.4,35.7,21,3.334
11371383,615318,G003402029,1,0,1,1,15.8,11.7,3.9,0.098
11371383,615318,G003402029,1,1,1,24,36.9,25.1,18.8,2.444
11371383,631215,G002404015,1,0,1,1,12.4,11.4,2.6,0.078
11371383,631232,G001302024,1,0,1,1,11.6,12.4,2.5,0.08
11371383,631233,G001302010,1,0,1,1,11.4,12.4,2.6,0.082
11371383,708825,G000103159,3,0,1,1,14.7,12.7,4.9,0.24
11371384,387140,G000703002,1,0,1,1,27.5,24.6,6.7,0.708
11371385,449873,G001302003,1,0,1,1,16.6,9.1,5,0.124
11371385,449873,G001302003,1,1,1,5,20.9,11.4,14.5,0.654
11371385,449874,G002001008,1,0,1,1,15,9.4,1.8,0.054
11371385,449874,G002001008,1,1,1,5,11.6,8.7,13,0.288
11371385,449875,G003301023,1,0,1,1,14.2,9.2,3,0.056
11371385,449875,G003301023,1,1,1,5,8.6,9.9,13.3,0.292
11371385,449876,G002601020,1,0,1,1,14.9,9.5,1.9,0.052
11371385,449876,G002601020,1,1,1,5,11.8,9,13,0.292
11371386,226873,VDDDD08275,1,0,1,1,9,9,1,0.07
11371386,239307,G000206167,2,0,1,1,10,15,0.2,0.02
11371386,313655,VDDDD05197,1,0,1,1,11.5,10,1.2,0.016
11371386,313655,VDDDD05197,1,1,1,200,23.2,36.1,27.9,3.916
11371386,325961,VDDDD04061,1,0,1,1,9,16.5,6,0.198
11371386,325961,VDDDD04061,1,1,1,96,18.6,55.1,36.7,7.486
11371386,430518,VDDDD08276,1,0,1,1,10,13,7,0.274
11371386,430518,VDDDD08276,1,1,1,20,27,35.5,22,5.888
11371386,520069,G000305165,1,0,1,1,9,15.5,0.1,0.004
11371386,572278,G000105148,1,0,1,1,19.3,13.7,1.8,0.078
11371386,572278,G000105148,1,1,1,25,14.5,37.5,19.5,2.016
11371386,587003,G001002014,1,0,1,1,11.6,20.9,4.3,0.344
11371386,624666,VDDDD08198,1,0,1,1,0.5,13,10,0.01
11371386,634538,VDDDD07200,1,0,1,1,5,11,13,0.1
11371386,634538,VDDDD07200,1,1,1,6,14,23,10,0.8
11371386,675268,VDDDD10031,1,0,1,1,18.3,32.2,4,1.176
11371386,675268,VDDDD10031,1,1,1,5,23.8,35,22.6,6.396
11371386,691109,G000306050,1,0,1,1,10.4,9.3,0.1,0.001
11371386,691735,VDDDD08232,1,0,1,1,12.6,12,8.1,0.382
11371386,691735,VDDDD08232,1,1,1,6,39.4,25.9,13.5,2.746
11371386,702953,G002203007,1,0,1,1,8.9,6.7,3,0.07
11371386,708489,G000209099,1,0,1,1,19.9,10.3,1.3,0.048
11371387,272647,G000601011,16,0,1,1,2,10,2,0.02
11371387,639663,G002601024,16,0,1,1,9.9,20.4,3.1,0.078
11371387,640195,VDDDD07260,1,0,1,1,9.9,14.4,2.3,0.078
11371387,640195,VDDDD07260,1,1,1,60,40,46.4,27.6,6.896
11371387,665060,VBBBB02063,1,0,1,1,14,57.1,36.1,4.2
11371387,696169,VDDDD11059,3,0,1,1,58,25.8,10.4,1.124
11371387,704233,VDDDD08196,20,0,1,1,18.2,12.9,1,0.024
11371387,704233,VDDDD08196,20,1,1,10,20.4,14.2,7.8,0.316
11371387,704234,VDDDD06194,5,0,1,1,18.2,12.9,0.9,0.024
11371387,704234,VDDDD06194,5,1,1,10,20.4,14,7.8,0.318
11371388,679313,G000801002,1,0,1,1,10.8,24.3,4.2,0.318
11371388,679313,G000801002,1,1,1,10,23,21.1,26.8,3.498
11371389,648947,G002202031,1,0,1,1,14.8,18.7,3.7,0.244
11371389,648947,G002202031,1,1,1,20,31,37.5,22.3,5.516
11371390,691910,VCCCC00004,5,0,1,1,44.3,7,35.6,2.948
11371391,619383,G000501023,1,0,1,1,13.6,20.8,2.1,0.034
11371392,686005,G001400001,1,0,1,1,19,27.5,1.8,0.446
11371392,686005,G001400001,1,1,1,10,27,27.6,33,5.564
11371393,686330,G003302021,1,0,1,1,11.4,11.7,3.9,0.048
11371393,686330,G003302021,1,1,1,60,58.9,20.5,17.4,3.264
11371394,327220,G003610244,2,0,1,1,10,21,6,0.18
11371394,327220,G003610244,2,1,1,48,18.2,65.1,33,9.755
11371395,226841,VCCCC02025,2,0,1,1,9.9,30.7,10,0.64
11371395,226841,VCCCC02025,2,1,1,15,33.7,50.6,31.7,10.486
11371395,226841,VCCCC02025,2,2,2,325,83,120,146,239
11371395,411841,G000400027,1,0,1,1,16.5,26,26.5,2.19
11371395,411841,G000400027,1,1,1,6,51.5,54,29.5,14.56
11371395,434436,G002301021,1,0,1,1,8.2,11.9,1.6,0.1
11371395,434436,G002301021,1,1,1,12,14.8,17.6,6.2,1.236
11371395,434457,G002303022,1,0,1,1,8,12,1.5,0.06
11371395,434457,G002303022,1,1,1,12,12.5,16.5,4,0.61
11371395,493024,G000101063,1,0,1,1,6,6,5,0.05
11371395,493024,G000101063,1,1,1,10,10,25,26,0.54
11371395,512198,G003001013,1,0,1,1,8,9,6,0.14
11371395,512198,G003001013,1,1,1,80,32.5,37,34,11.7
11371395,513123,VDDDD04200,1,0,1,1,10.1,0.8,15.2,0.1892
11371395,513123,VDDDD04200,1,1,1,25,11.1,13.3,16.5,0.473
11371395,539880,G002202026,1,0,1,1,5,8,11,0.042
11371395,576121,G000005077,1,0,1,1,12.8,14.1,8.3,0.3
11371395,581889,G000600015,1,0,1,1,6,20,13.5,0.15
11371395,590313,VDDDD07244,1,0,1,1,11.4,10.1,0.5,0.01
11371395,590313,VDDDD07244,1,1,1,25,11.2,12.2,9.2,0.32
11371395,610671,VDDDD02230,1,0,1,1,10.1,13.9,5.4,0.172
11371395,610671,VDDDD02230,1,1,1,5,20.9,24.1,19.9,1.068
11371395,610671,VDDDD02230,1,1,1,30,28,60,41,7.79
11371395,611817,G000603010,1,0,1,1,8.5,16,5,0.085
11371395,612125,G001602007,1,0,1,1,15.5,6.3,13.2,0.166
11371395,612125,G001602007,1,1,1,4,14,24,14,0.952
11371395,612184,G003609232,1,0,1,1,9.1,4.7,4.7,0.026
11371395,612184,G003609232,1,1,1,10,24.4,11.9,9.9,0.302
11371395,640395,G002502011,1,0,1,1,16.4,9.1,8.8,0.498
11371395,670209,G000311145,1,0,1,1,10,18,4,0.548
11371395,670209,G000311145,1,1,1,20,25.9,45.7,21.2,11.684
11371395,681843,G000205093,1,0,1,1,15.9,11.7,1.7,0.046
11371395,695349,G000000144,1,0,1,1,18.5,14.5,14.2,1.01
11371395,704356,G000403014,1,0,1,1,15.4,8.8,6,0.414
11371395,706591,G000203185,1,0,1,1,19.9,11.7,3.2,0.47
11371396,602768,G001200022,2,0,1,1,28.5,30.6,1.5,0.488
11371396,602768,G001200022,2,1,1,10,21,34.8,25.3,5.952
11371396,666241,VDDDD06272,1,0,1,1,7.4,29.1,1.4,0.102
11371396,666241,VDDDD06272,1,1,1,4,9.9,37.8,14.1,0.662
11371397,602768,G001200022,1,0,1,1,28.5,30.6,1.5,0.488
11371397,602768,G001200022,1,1,1,10,21,34.8,25.3,5.952
11371397,650617,VDDDD07065,1,0,1,1,8.2,8.3,1.4,0.038
11371397,650617,VDDDD07065,1,1,1,20,14.5,23.3,15.1,1.11
11371398,602768,G001200022,1,0,1,1,28.5,30.6,1.5,0.488
11371398,602768,G001200022,1,1,1,10,21,34.8,25.3,5.952
11371399,319633,VBBBB04004,1,0,1,1,25.2,40.3,8.4,2.044
11371399,319633,VBBBB04004,1,1,1,8,43.1,52.4,35.5,17.298
11371399,681715,VDDDD02226,1,0,1,1,16.3,8.8,4,0.316
11371400,379809,G000700004,1,0,1,1,8.9,31.7,7.6,0.464
11371400,379809,G000700004,1,1,1,12,24.3,33.2,37.1,5.896
11371400,590318,VDDDD03234,3,0,1,1,10.1,11.3,0.5,0.026
11371400,590318,VDDDD03234,3,1,1,25,11.3,12.3,9.5,0.326
11371400,599548,G003607181,1,0,1,1,24.7,9.6,4.4,0.188
11371400,625565,VDDDD06200,2,0,1,1,1,13,10,0.02
11371400,695264,VDDDD04278,5,0,1,1,12.8,10.2,2.6,0.064
11371400,695264,VDDDD04278,5,1,1,10,23.8,11.6,14.7,0.738
11371400,702681,VDDDD06219,3,0,1,1,13.1,9.9,1.5,0.062
11371400,702681,VDDDD06219,3,1,1,100,37.8,29.6,24.1,6.962
11371401,404007,G001602030,1,0,1,1,10.5,4,10,0.06
11371401,404008,G001003007,1,0,1,1,10.2,10,4,0.048
11371401,404009,G001402024,1,0,1,1,10.2,10.1,4,0.04
11371401,404010,G002101007,1,0,1,1,10,10.1,4.1,0.044
11371402,562796,VBBBB02003,1,0,1,1,11.1,36.5,12.5,0.89
11371403,702576,VBBBB02002,2,0,1,1,30.5,50.7,7.9,3.226
11371404,679166,VBBBB04002,1,0,1,1,34.5,39.3,7.7,2.12
11371405,24446,VBBBB00004,4,0,1,1,11,95,11,4.02
11371405,485528,G001400017,3,0,1,1,12.5,20.5,8,0.13
11371405,485528,G001400017,3,1,1,8,26,31,10.5,1.248
11371406,293789,G000602009,3,0,1,1,11.9,12.5,3.8,0.152
11371406,293789,G000602009,3,1,1,40,25.8,38.7,18.1,6.652
11371406,293790,G002003023,2,0,1,1,12.5,12,4.8,0.2
11371406,293790,G002003023,2,1,1,24,31.6,25.7,16.5,5.17
11371406,293793,G002404014,2,0,1,1,12.5,12.2,4.9,0.202
11371406,293793,G002404014,2,1,1,24,30.9,26.1,16.7,5.2
11371406,293794,G000702011,2,0,1,1,12,13,5,0.2
11371406,391392,VAAAA00056,150,0,1,1,11.4,37.3,12.6,0.824
11371406,391395,G003004012,10,0,1,1,38.4,11.1,12.6,0.924
11371406,391396,G001604001,10,0,1,1,38.4,11.1,12.6,0.926
11371406,391397,G001101018,10,0,1,1,11,38.5,12.5,0.9
11371407,576016,G000903007,1,0,1,1,17.5,36,29,1.466
11371408,611187,G001501020,1,0,1,1,9.5,28.5,10,1.564
11371408,611187,G001501020,1,1,1,4,22,30.5,22,6.81
11371408,673985,G002604009,1,0,1,1,23.3,31.6,1.4,0.458
11371408,673985,G002604009,1,1,1,5,28.2,35.4,25.8,2.518
11371408,674039,VDDDD11063,1,0,1,1,37.4,27.1,5.5,1.66
11371409,592617,AKCE000001,1,0,1,1,9,18.5,1,0.19
11371409,592617,AKCE000001,1,1,1,16,19,19.5,9.5,3.098
11371409,616663,VDDDD06051,1,0,1,1,34.9,18,9.8,1.124
11371410,709268,G000003028,1,0,1,1,21.9,12,6,0.396
11371411,277352,G000302031,2,0,1,1,15.2,8.4,2.2,0.01
11371412,607722,G000207149,1,0,1,1,9.5,15,2.5,0.224
11371413,494236,G000400029,2,0,1,1,31.1,38.9,5.4,0.28
11371413,494236,G000400029,2,1,1,10,32,40,31.4,3.394
11371414,703775,G000403012,1,0,1,1,13.6,17.2,1.7,0.088
11371414,703775,G000403012,1,1,1,15,23.4,17.9,14.2,1.39
11371415,703775,G000403012,1,0,1,1,13.6,17.2,1.7,0.088
11371415,703775,G000403012,1,1,1,15,23.4,17.9,14.2,1.39
11371416,494028,G002000024,1,0,1,1,21,52,10,5.28
11371416,494028,G002000024,1,1,1,4,24,53.5,38.5,21.66
11371416,703775,G000403012,1,0,1,1,13.6,17.2,1.7,0.088
11371416,703775,G000403012,1,1,1,15,23.4,17.9,14.2,1.39
11371417,635844,G000502021,1,0,1,1,17.4,13.7,1.5,0.078
11371418,706126,G001201012,1,0,1,1,13.6,14.4,3.7,0.068
11371419,653099,G002702008,5,0,1,1,22.7,30.9,1.7,0.602
11371419,653099,G002702008,5,1,1,10,16,32,24,6.274
11371420,140389,G001401022,6,0,1,1,19.2,12,30.8,0.74
11371420,234430,VBBBB00021,60,0,1,1,22.3,31,1.9,1.138
11371420,234430,VBBBB00021,60,1,1,10,33,46,11,11.81
11371420,282273,VDDDD03232,10,0,1,1,11.5,11.6,3.9,0.052
11371420,282273,VDDDD03232,10,1,1,60,21.2,59.6,17.2,3.554
11371420,396021,VBBBB01056,20,0,1,1,11.4,11.7,3.9,0.052
11371420,396021,VBBBB01056,20,1,1,60,20.8,59.1,17.3,3.582
11371420,396022,VDDDD03264,10,0,1,1,10,11.5,4,0.054
11371420,396022,VDDDD03264,10,1,1,60,20,59,17,3.49
11371420,396022,VDDDD03264,10,2,2,2880,80,121,116,184
11371420,437448,VAAAA00004,2,0,1,1,6.8,6.7,1.8,0.066
11371420,437448,VAAAA00004,2,1,1,10,17.3,14.4,9.1,0.328
11371420,547309,VBBBB04007,2,0,1,1,37,24.6,10.9,1.49
11371420,547309,VBBBB04007,2,1,1,6,39.2,50.9,34.5,10.054
11371420,585466,VAAAA00050,10,0,1,1,20,48.5,40.3,5.102
11371420,585466,VAAAA00050,10,2,2,60,99,208,119,335
11371420,594428,VBBBB03051,3,0,1,1,16.9,26.1,4.2,0.682
11371420,594428,VBBBB03051,3,1,1,5,23.4,29.4,21.7,3.938
11371420,595346,G003501025,3,0,1,1,16.3,10.5,9,0.224
11371420,595346,G003501025,3,1,1,20,20.5,53,34,5.28
11371420,610183,G000702006,10,0,1,1,14.4,7.7,1.1,0.02
11371420,615330,VDDDD02262,10,0,1,1,11.4,11.5,3.9,0.048
11371420,615330,VDDDD02262,10,1,1,60,20.3,59.2,17.4,3.514
11371420,633602,VBBBB01024,2,0,1,1,12,49.2,36.4,3.374
11371420,640716,G000801001,1,0,1,1,7,14.5,15,0.22
11371420,640716,G000801001,1,1,1,30,31,46,35.5,7.26
11371421,443486,G000110215,1,0,1,1,1,11.5,9.5,0.018
11371421,443486,G000110215,1,1,1,12,9.5,12.5,5.5,0.24
11371421,487668,G002801025,3,0,1,1,12.8,14.1,1.8,0.062
11371421,487668,G002801025,3,1,1,100,29,40.3,27.4,5.36
11371421,487722,G000902015,3,0,1,1,15,13.2,1.8,0.068
11371421,487722,G000902015,3,1,1,100,35,35,27,8.294
11371421,651117,G001202027,1,0,1,1,10.3,19.6,2.4,0.04
11371421,683309,G000502002,3,0,1,1,19.9,8.9,1.9,0.072
11371421,683309,G000502002,3,1,1,40,38,20.7,24.2,3.782
11371422,626296,G000401030,1,0,1,1,17,13.5,1.5,0.12
11371423,509218,G002304004,1,0,1,1,16.2,8.6,4.4,0.13
11371423,509218,G002304004,1,1,1,40,23.5,36,27.5,4.9
11371424,542402,G003000013,1,0,1,1,15,10,2.5,0.58
11371424,542402,G003000013,1,1,1,20,22,49.5,28,12.4
11371425,626208,VBBBB01063,2,0,1,1,26.8,55.5,37.3,7.828
11371425,626208,VBBBB01063,2,2,2,26,80,120,187,223
11371426,602136,G001403002,1,0,1,1,5,24,10,0.266
11371426,615874,G002002012,1,0,1,1,13,13,9.5,0.37
11371427,579643,G000003123,2,0,1,1,12.2,18.2,4.4,0.346
11371428,427880,G003400012,1,0,1,1,14,51,4.5,0.692
11371428,427880,G003400012,1,1,1,8,18,29,51.5,5.98
11371428,448758,G001004025,1,0,1,1,11,34,13.5,0.46
11371429,470696,VBBBB00048,1,0,1,1,6,17.8,5.9,0.2
11371429,470696,VBBBB00048,1,1,1,30,31,48,16,6.79
11371430,540872,VBBBB03050,2,0,1,1,6,52,21,2.232
11371431,692274,VBBBB03049,1,0,1,1,53.4,33.2,7.9,2.364
11371432,405571,G001400012,1,0,1,1,15,40.2,6,1.214
11371432,405576,G000802001,1,0,1,1,14.5,40,5.5,1.22
11371432,405578,G000604009,1,0,1,1,15,40.1,6.2,1.21
11371432,405579,G000603018,1,0,1,1,15,40,6.1,1.208
11371433,211852,VDDDD04266,2,0,1,1,11.4,11.7,3.9,0.048
11371433,211852,VDDDD04266,2,1,1,60,20,59,17,3.3
11371433,594428,VBBBB03051,2,0,1,1,16.9,26.1,4.2,0.682
11371433,594428,VBBBB03051,2,1,1,5,23.4,29.4,21.7,3.938
11371434,674317,VBBBB04052,1,0,1,1,21.7,35.6,6.1,1.088
11371435,695216,VDDDD07234,2,0,1,1,16.5,8,3.1,0.28
11371435,695216,VDDDD07234,2,1,1,20,31.3,17.5,19,5.842
11371436,695216,VDDDD07234,3,0,1,1,16.5,8,3.1,0.28
11371436,695216,VDDDD07234,3,1,1,20,31.3,17.5,19,5.842
11371437,695216,VDDDD07234,1,0,1,1,16.5,8,3.1,0.28
11371437,695216,VDDDD07234,1,1,1,20,31.3,17.5,19,5.842
11371438,695216,VDDDD07234,1,0,1,1,16.5,8,3.1,0.28
11371438,695216,VDDDD07234,1,1,1,20,31.3,17.5,19,5.842
11371439,405977,VDDDD07232,1,0,1,1,5.7,22.2,2.5,0.128
11371439,405977,VDDDD07232,1,1,1,10,29.1,36,14.9,1.864
11371439,665919,VDDDD02270,1,0,1,1,19.9,26.4,5.3,0.91
11371439,665919,VDDDD02270,1,1,1,5,25.5,35.2,34,5.47
11371440,590317,VDDDD08233,1,0,1,1,10.1,11.4,0.5,0.01
11371440,590317,VDDDD08233,1,1,1,25,11.1,12.1,9.2,0.322
11371441,705848,VDDDD07231,1,0,1,1,9.2,9.1,3.6,0.124
11371442,667020,VDDDD06232,1,0,1,1,8,19.9,8.3,0.724
11371443,228644,VDDDD09232,1,0,1,1,14.5,16.5,11,0.33
11371444,301015,VDDDD09233,1,0,1,1,10.2,36.3,11.2,0.792
11371444,301015,VDDDD09233,1,2,1,216,80,120,114,187
11371445,601692,G000901029,1,0,1,1,22,19,5.7,0.394
11371445,601692,G000901029,1,1,1,10,39.9,29.6,24.1,4.478
11371445,610038,G001300019,1,0,1,1,32.6,46.3,7.8,0.284
11371445,610038,G001300019,1,1,1,10,33.3,46.2,31.8,3.654
11371446,428942,G002400008,1,0,1,1,9.1,14,2.7,0.076
11371446,428942,G002400008,1,1,1,100,28.2,48.2,30.2,8.194
11371446,450776,VDDDD09271,1,0,1,1,12.9,18.1,1,0.072
11371446,450776,VDDDD09271,1,1,1,10,13.8,20.2,7.2,0.63
11371446,450776,VDDDD09271,1,1,1,50,24,32,15,4.14
11371446,626227,G003100011,2,0,1,1,8.5,15,21,1.42
11371446,626227,G003100011,2,1,1,10,19,54,59,17.6
11371447,141012,VCCCC00007,2,0,1,1,26.5,41.1,39.9,10.11
11371447,141012,VCCCC00007,2,1,1,2,40,46,40,18.41
11371447,275525,VAAAA00014,6,0,1,1,11,9,9.4,0.192
11371447,275525,VAAAA00014,6,1,1,40,38,52,33,11.58
11371447,275526,G002500024,8,0,1,1,16,20,7,0.35
11371447,275526,G002500024,8,1,1,30,41,52,36,11.1
11371447,547309,VCCCC00009,3,0,1,1,37,24.6,10.9,1.49
11371447,547309,VCCCC00009,3,1,1,6,39.2,50.9,34.5,10.054
11371447,547429,VBBBB03010,1,0,1,1,36.3,16.3,24,2.396
11371447,547429,VBBBB03010,1,1,1,4,35,50,38,10.718
11371448,683302,VBBBB01055,1,0,1,1,18.9,8.6,1.8,0.066
11371448,683302,VBBBB01055,1,1,1,10,20.2,16.7,9.6,0.762
11371449,625797,VDDDD09218,1,0,1,1,9,16.7,3,0.326
11371449,625797,VDDDD09218,1,1,1,10,20.8,28.3,20.4,4.01
11371449,650894,G003300022,3,0,1,1,23.9,30,2.4,1.11
11371449,650894,G003300022,3,1,1,5,16.9,38.2,33.8,6.91
11371450,512168,VCCCC00006,60,0,1,1,10.2,15.6,4.6,0.094
11371450,512168,VCCCC00006,60,1,1,48,32,40,31,5.92
11371451,650617,VDDDD07065,9,0,1,1,8.2,8.3,1.4,0.038
11371451,650617,VDDDD07065,9,1,1,20,14.5,23.3,15.1,1.11
11371452,707661,VDDDD11065,1,0,1,1,33.4,8.3,26.6,1.408
11371453,686717,VBBBB02055,4,0,1,1,32.1,17.5,4.2,0.766
11371453,686717,VBBBB02055,4,1,1,5,30,22.6,21.7,4.326
11371454,620759,VDDDD03270,1,0,1,1,8.8,24.1,8.1,0.206
11371454,620759,VDDDD03270,1,1,1,20,37.7,44.5,26.7,4.742
11371455,665037,VDDDD02268,1,0,1,1,11.4,14.8,2.3,0.05
11371455,665037,VDDDD02268,1,1,1,10,12.4,22.3,16.4,0.598
11371456,679661,VBBBB01052,1,0,1,1,23.2,28.1,4.4,0.814
11371456,698631,VDDDD02237,1,0,1,1,16.4,8.7,3.8,0.314
11371456,709417,VDDDD03268,1,0,1,1,14.1,8.1,2.2,0.144
11371457,187988,VDDDD03239,2,0,1,1,15.2,16,4.1,0.092
11371457,187988,VDDDD03239,2,1,1,60,30.5,49.3,24.5,6.06
11371457,709158,VDDDD02266,1,0,1,1,19.2,14.7,6.3,0.486
11371458,282273,VDDDD03232,2,0,1,1,11.5,11.6,3.9,0.052
11371458,282273,VDDDD03232,2,1,1,60,21.2,59.6,17.2,3.554
11371458,282274,VDDDD03267,2,0,1,1,11.4,11.6,3.8,0.052
11371458,282274,VDDDD03267,2,1,1,60,20,59,17,3.52
11371458,682089,VDDDD04238,1,0,1,1,16.5,8,3.1,0.282
11371458,682089,VDDDD04238,1,1,1,20,31.2,17.5,18.6,5.864
11371459,451091,G002004031,1,0,1,1,4.5,17,21,0.18
11371459,451091,G002004031,1,1,1,40,37,48,46,8.28
11371459,592750,VBBBB01018,1,0,1,1,32.7,33.5,28.1,3.046
11371459,592750,VBBBB01018,1,1,1,2,35,56,34,6.073
11371459,640874,G003100029,6,0,1,1,10.5,10.5,19,0.526
11371459,640874,G003100029,6,1,1,30,35,41,55.5,17.302
11371459,663481,G003400026,5,0,1,1,10.6,18.9,10.5,0.512
11371459,663481,G003400026,5,1,1,30,48.1,56.8,34.7,16.988
11371459,664007,G003100025,6,0,1,1,10.1,10.9,6.2,0.382
11371460,512198,G003001013,1,0,1,1,8,9,6,0.14
11371460,512198,G003001013,1,1,1,80,32.5,37,34,11.7
11371460,703147,VBBBB03011,1,0,1,1,34.8,54.3,8.5,4.07
11371461,651402,VDDDD05238,1,0,1,1,13.6,22.5,4.6,0.65
11371461,651402,VDDDD05238,1,1,1,10,23.7,46.2,16.1,6.724
11371461,709419,VDDDD03266,1,0,1,1,6.6,2.5,1.6,0.014
11371462,541606,G001700007,1,0,1,1,11.5,19.5,19.5,1.25
11371463,657172,VDDDD09061,1,0,1,1,45.8,13.7,7.5,0.758
11371463,657172,VDDDD09061,1,1,1,8,50.6,37.6,37.2,6.684
11371464,570030,G003601157,5,0,1,1,2.5,5,18,0.11
11371464,570030,G003601157,5,1,1,10,11,13.5,20.5,1.07
11371465,704502,VBBBB01046,1,0,1,1,10,9.9,4.6,0.248
11371465,704502,VBBBB01046,1,1,1,10,35.4,29.1,13.6,3.358
11371466,683183,VDDDD02239,1,0,1,1,18.1,9.4,4,0.39
11371467,671961,VDDDD03238,1,0,1,1,22.5,23.7,12,0.664
11371467,671961,VDDDD03238,1,1,1,10,48.3,60.8,24.4,7.756
11371468,631674,VDDDD11265,1,0,1,1,5,44,39,0.506
11371468,682089,VDDDD04238,1,0,1,1,16.5,8,3.1,0.282
11371468,682089,VDDDD04238,1,1,1,20,31.2,17.5,18.6,5.864
11371469,702714,G000311226,1,0,1,1,19.1,5.7,2.1,0.06
11371469,710788,G000207144,1,0,1,1,18.6,5.9,2.6,0.062
11371470,611680,G000502004,1,0,1,1,7,20,16,0.446
11371471,437448,VAAAA00004,1,0,1,1,6.8,6.7,1.8,0.066
11371471,437448,VAAAA00004,1,1,1,10,17.3,14.4,9.1,0.328
11371472,651402,VDDDD05238,1,0,1,1,13.6,22.5,4.6,0.65
11371472,651402,VDDDD05238,1,1,1,10,23.7,46.2,16.1,6.724
11371473,679661,VBBBB01052,1,0,1,1,23.2,28.1,4.4,0.814
11371474,679661,VBBBB01052,6,0,1,1,23.2,28.1,4.4,0.814
11371475,617965,G000109112,2,0,1,1,2,5.5,12,0.042
11371476,666638,G000702001,2,0,1,1,41.1,24.5,4.4,0.184
11371477,93300,G001602008,1,0,1,1,14,14,10,0.86
11371477,93300,G001602008,1,1,1,4,16,59,12,3.74
11371477,442674,VCCCC01011,1,0,1,1,11.8,11.8,1.6,0.176
11371477,442674,VCCCC01011,1,1,1,30,26.4,38.7,11,5.448
11371478,682593,VBBBB00043,80,0,1,1,10.2,11.3,7.7,0.216
11371478,682593,VCCCC01028,10,0,1,1,10.2,11.3,7.7,0.216
11371478,682593,VCCCC02029,10,0,1,1,10.2,11.3,7.7,0.216
11371479,704153,VDDDD02236,1,0,1,1,17.1,8.1,3.1,0.284
11371479,704153,VDDDD02236,1,1,1,20,34.1,16.8,18.8,5.93
11371480,588422,VDDDD03235,1,0,1,1,14.7,10.3,4.1,0.2
11371480,588422,VDDDD03235,1,1,1,5,25.1,12.5,16.6,1.336
11371481,589128,VDDDD04234,1,0,1,1,9.2,10.8,3.7,0.082
11371481,614439,G001901029,1,0,1,1,12,29,26.5,2.522
11371481,614439,G001901029,1,1,1,4,29,50.5,30,11.3
11371481,673299,VBBBB02009,1,0,1,1,45.9,30.7,8.3,0.452
11371481,673299,VBBBB02009,1,1,1,10,41.2,51.4,28.8,5.378
11371481,682582,VBBBB03014,2,0,1,1,12.2,17.1,3.7,0.432
11371482,657559,VDDDD04233,1,0,1,1,14.2,10.2,3.3,0.218
11371482,657559,VDDDD04233,1,1,1,50,18.5,52.5,31,11.435
11371483,212202,G002002015,1,0,1,1,22,12,4,0.3
11371483,212202,G002002015,1,1,1,10,19,37.5,13,2.17
11371483,212202,G002002015,1,1,1,40,40,39,28.5,9.41
11371483,454836,G003002025,1,0,1,1,18.5,21.4,9.7,0.55
11371483,618236,G002803020,1,0,1,1,8,14.5,13,0.23
11371483,618236,G002803020,1,1,1,30,17,67.5,51.5,8.3
11371483,681575,G001702004,1,0,1,1,31.2,22.5,7.5,0.824
11371483,681575,G001702004,1,1,1,10,47.8,38.6,33.5,9.162
11371484,211235,G003400021,1,0,1,1,31.5,10.2,10.4,0.506
11371484,211235,G003400021,1,1,1,4,22.3,32.9,31.9,3.244
11371484,211236,G001600011,2,0,1,1,6.3,31,6.2,0.208
11371484,211236,G001600011,2,1,1,12,24,32,17,2.49
11371484,211237,G001200026,1,0,1,1,6.4,31,6.2,0.22
11371484,211237,G001200026,1,1,1,12,20.1,32.1,32.5,3.538
11371484,278959,VBBBB01011,1,0,1,1,39.2,38.2,24.4,4.984
11371484,278959,VBBBB01011,1,2,2,24,110,80,120,133
11371484,611464,G001901002,1,0,1,1,13,28,26,1.405
11371485,666853,G000801002,18,0,1,1,11.2,5.2,29.2,0.058
11371485,666853,G000801002,18,1,1,20,28.1,12.6,14.3,1.31
11371486,388035,G002600021,1,0,1,1,15.6,6.7,1.9,0.036
11371486,388035,G002600021,1,1,1,10,14.6,10.2,22.2,0.496
11371486,666020,G001003018,2,0,1,1,8.2,11.5,1.6,0.142
11371486,666020,G001003018,2,1,1,10,17.7,19.5,8.6,1.102
11371487,631074,G001004025,1,0,1,1,8.5,22,16,0.674
11371488,519762,G001301017,1,0,1,1,14.1,57.7,17.9,1.268
11371489,686328,VDDDD11085,1,0,1,1,50.5,31.7,7.7,2.744
11371490,572240,VDDDD07272,2,0,1,1,10.4,13,1.8,0.05
11371491,685947,VDDDD10272,1,0,1,1,26.9,19,5.2,0.866
11371491,685947,VDDDD10272,1,1,1,5,26,34.7,34,5.352
11371492,673772,VBBBB00008,1,0,1,1,42.5,32.9,9.5,0.708
11371492,686199,VCCCC00010,4,0,1,1,42.5,10,32.1,0.822
11371492,686199,VCCCC00010,4,1,1,6,33.6,59.9,45.7,6.202
11371493,113450,G000900006,2,0,1,1,30.7,1.3,23.3,0.585
11371493,113450,G000900006,2,1,1,20,31,24.5,32,12.6
11371493,147346,G001400004,2,0,1,1,32.2,22.8,1.3,0.422
11371493,147346,G001400004,2,1,1,15,24.6,34.4,16.1,6.728
11371493,387784,G000802007,2,0,1,1,10.3,14,8.2,0.24
11371493,387784,G000802007,2,1,1,50,53.3,73.1,20.9,14.474
11371493,442007,G001202013,1,0,1,1,14.7,7.5,2.5,0.03
11371493,442007,G001202013,1,1,1,50,26,39,15.5,2.12
11371493,466927,G000504011,1,0,1,1,14,10,3,0.03
11371493,466927,G000504011,1,1,1,8,14,26,10.5,0.32
11371493,467013,G002702002,1,0,1,1,4.5,14,9.5,0.056
11371493,467013,G002702002,1,1,1,5,10,25.5,15,0.348
11371493,467020,VBBBB03013,1,0,1,1,7,20,14,0.18
11371493,467020,VBBBB03013,1,1,1,5,15,36.5,20,1.05
11371493,467028,G000803016,1,0,1,1,19.7,3.8,22.6,0.03
11371493,467028,G000803016,1,1,1,8,10.8,26.1,14.8,0.338
11371493,467032,G002403004,1,0,1,1,3.5,14,10,0.04
11371493,467032,G002403004,1,1,1,8,10.5,26,14.5,0.33
11371493,467084,G000306105,1,0,1,1,3,14,9.5,0.037
11371493,467084,G000306105,1,1,1,8,14.5,26,10.5,0.358
11371493,470669,G000003163,1,0,1,1,14,9.6,3.1,0.038
11371493,470669,G000003163,1,1,1,8,10.8,26.2,14.8,0.372
11371493,470696,VBBBB00048,3,0,1,1,6,17.8,5.9,0.2
11371493,470696,VBBBB00048,3,1,1,30,31,48,16,6.79
11371493,470701,G001200008,1,0,1,1,15.3,11.4,7.3,0.178
11371493,475177,G000300135,1,0,1,1,3,10,14,0.04
11371493,475177,G000300135,1,1,1,8,26,10.5,14.5,0.378
11371493,475180,G000301125,1,0,1,1,14.1,9.6,3.2,0.038
11371493,475180,G000301125,1,1,1,8,10.7,26,14.9,0.388
11371493,490192,VCCCC01031,1,0,1,1,41.7,14.9,30,0.196
11371493,495156,G001102003,1,0,1,1,14,16,4.5,0.1
11371493,495156,G001102003,1,1,1,8,15,37,17,1
11371493,495189,G000305001,1,0,1,1,14,10,2,0.02
11371493,495189,G000305001,1,1,1,10,14.5,26,10.5,0.41
11371493,495190,G002103004,1,0,1,1,16.2,14,4.6,0.124
11371493,495190,G002103004,1,1,1,8,17.2,37.3,15.7,1.118
11371493,521765,G001101024,1,0,1,1,6,6,12,0.13
11371493,521765,G001101024,1,1,2,30,15,48,32,4.62
11371493,521766,G002100021,1,0,1,1,6,6,12,0.13
11371493,521766,G002100021,1,1,2,30,15,48,32,4.61
11371493,540135,VCCCC01028,10,0,1,1,6,18,6,0.204
11371493,540135,VCCCC01028,10,1,1,30,14.5,48,31.5,6.842
11371493,574638,G001302021,1,0,1,1,14.1,9.7,2.6,0.034
11371493,574638,G001302021,1,1,1,10,11,26.1,14.8,0.398
11371493,576559,G001203017,1,0,1,1,14,9.8,2.6,0.04
11371493,576559,G001203017,1,1,1,10,10.5,25.9,14.8,0.408
11371493,576566,VBBBB04014,1,0,1,1,9.8,14,2.9,0.032
11371493,576566,VBBBB04014,1,1,1,10,10.5,26.4,14.7,0.392
11371493,601603,G003502027,1,0,1,1,13.7,34,7,0.388
11371493,602101,G000901014,1,0,1,1,6.2,17.5,6.9,0.128
11371493,615209,G000106101,1,0,1,1,11.2,16.1,5,0.3
11371493,615209,G000106101,1,1,1,5,11.5,25,16.5,1.676
11371493,624805,G001302024,1,0,1,1,14.1,9.7,3.2,0.058
11371493,624805,G001302024,1,1,1,8,10.8,15.5,26.5,0.532
11371493,634218,G000101151,1,0,1,1,5,9,9,0.08
11371494,491199,VCCCC00024,48,0,1,1,16.5,46.2,2.8,0.474
11371494,491199,VCCCC00024,48,1,1,15,40.9,56.3,19.1,7.594
11371494,491199,VCCCC00024,48,2,2,360,80,120,125,201.5
11371495,474811,VBBBB01017,1,0,1,1,43,48,42,9
11371495,474811,VBBBB01017,1,2,3,16,80,120,175,159
11371496,634702,VDDDD09196,5,0,1,1,6.7,27.8,3.5,0.228
11371496,682593,VCCCC02029,20,0,1,1,10.2,11.3,7.7,0.216
11371496,682594,VCCCC02032,10,0,1,1,10.1,10.8,7.7,0.212
11371497,707615,VDDDD09276,2,0,1,1,26.4,19.4,5.3,0.958
11371497,707615,VDDDD09276,2,1,1,5,34.5,26.6,34,5.582
11371498,24446,VBBBB00017,4,0,1,1,11,95,11,4.02
11371499,597136,G001602006,2,0,1,1,10.5,14.5,3.4,0.206
11371499,597136,G001602006,2,1,1,4,14.3,18.3,12.6,0.976
11371499,636190,G000600010,1,0,1,1,3,11,15,0.57
11371499,636190,G000600010,1,1,1,20,21,50,28,12.35
11371499,703537,F50000000 ,1,0,1,1,16.5,14.7,3.4,0.554
11371499,703537,F50000000 ,1,1,1,20,49.8,30.2,22.1,11.954
11371500,330672,G000602006,4,0,1,1,15.9,15.8,2.7,0.068
11371501,701712,G001603017,1,0,1,1,20.1,11.6,1.5,0.068
11371501,701712,G001603017,1,1,1,10,21.6,14.9,13.3,0.742
11371502,704611,VDDDD09274,1,0,1,1,29.6,7.7,3.7,0.348
11371502,704611,VDDDD09274,1,1,1,6,39.1,22.7,14.8,2.962
11371503,687159,VDDDD09272,1,0,1,1,12.8,10.2,2.3,0.04
11371503,687159,VDDDD09272,1,1,1,10,23.5,12.6,15.6,0.496
11371504,675288,VDDDD10276,1,0,1,1,15.1,24.9,2.2,0.06
11371505,487835,G003001012,3,0,1,1,11.5,11.6,3.9,0.05
11371505,487835,G003001012,3,1,1,60,19.5,58.5,17.5,3.27
11371505,487836,VAAAA00013,3,0,1,1,11.5,11.7,3.9,0.042
11371505,487836,VAAAA00013,3,1,1,60,20,60,17,3.08
11371506,192305,G002203003,1,0,1,1,10,16,11,0.36
11371506,192305,G002203003,1,1,1,20,33,49,25,8.3
11371506,387655,VCCCC03007,2,0,1,1,11.9,33.7,13.7,0.716
11371506,610038,G001300019,1,0,1,1,32.6,46.3,7.8,0.284
11371506,610038,G001300019,1,1,1,10,33.3,46.2,31.8,3.654
11371506,610728,G000501026,1,0,1,1,6,18.5,18.5,0.234
11371506,678514,G002003024,1,0,1,1,12.9,7.9,39.9,0.088
11371506,690964,VBBBB05014,1,0,1,1,49.4,7.7,32.5,2.564
11371507,224623,G002202010,5,0,1,1,7,9,1,0.03
11371507,224623,G002202010,5,1,1,25,10,37,12,1
11371508,621025,VBBBB01005,3,0,1,1,23.7,49.9,29.9,8.67
11371509,691912,VBBBB01006,1,0,1,1,44.3,6.6,35.9,2.9
11371510,414396,G000100111,20,0,1,1,17,13.6,1.8,0.022
11371511,672039,G000600026,2,0,1,1,16,8.2,0.9,0.03
11371511,672039,G000600026,2,1,1,10,22.5,13.6,15.3,0.454
11371511,686029,G000400016,1,0,1,1,15.8,8.6,1.6,0.062
11371511,686029,G000400016,1,1,1,10,28.3,20.3,11,1.05
11371512,388035,G002600021,2,0,1,1,15.6,6.7,1.9,0.036
11371512,388035,G002600021,2,1,1,10,14.6,10.2,22.2,0.496
11371512,652969,G000702004,2,0,1,1,8.7,16.2,1.5,0.046
11371512,652969,G000702004,2,1,1,10,10.5,20,19,0.638
11371513,666022,G001202024,1,0,1,1,8.3,11.5,1.6,0.138
11371513,666022,G001202024,1,1,1,10,17.6,19.5,8.5,1.1
11371514,316616,G001301022,5,0,1,1,7,14,14,0.42
11371514,316616,G001301022,5,1,1,10,17.2,29.5,38.9,5.634
11371514,425850,G003601215,3,0,1,1,10.1,18,2.3,0.078
11371514,425850,G003601215,3,1,1,100,34.2,57.6,22.8,8.378
11371514,631710,G003001021,4,0,1,1,7.7,15.8,3.2,0.076
11371515,368137,G002203028,1,0,1,1,11.5,10.7,4.6,0.09
11371515,368137,G002203028,1,1,1,30,56.5,22.9,11.6,2.964
11371516,663469,VAAAA00038,2,0,1,1,11.3,36.3,13.7,0.8
11371516,671123,VCCCC03007,3,0,1,1,33.1,10.1,18.9,0.868
11371517,624598,VBBBB01007,3,0,1,1,4,26,16.5,0.7
11371517,624598,VBBBB01007,3,1,1,5,19,28,22.5,4.1
11371518,362336,VBBBB00015,40,0,1,1,16.8,46.6,3.3,0.52
11371518,362336,VBBBB00015,40,1,1,20,32.9,49.7,35.9,10.956
11371518,362336,VBBBB01010,20,0,1,1,16.8,46.6,3.3,0.52
11371518,362336,VBBBB01010,20,1,1,20,32.9,49.7,35.9,10.956
11371518,362336,VBBBB01013,40,0,1,1,16.8,46.6,3.3,0.52
11371518,362336,VBBBB01013,40,1,1,20,32.9,49.7,35.9,10.956
11371518,587170,G002901012,20,0,1,1,11.8,17.3,3.7,0.718
11371518,587170,G002901012,20,1,1,20,30.1,50.6,23.3,15.47
11371518,597136,G001602006,40,0,1,1,10.5,14.5,3.4,0.206
11371518,597136,G001602006,40,1,1,4,14.3,18.3,12.6,0.976
11371519,370308,VCCCC00033,1,0,1,1,19,26,3,0.26
11371519,370308,VCCCC00033,1,1,1,42,22.6,49.6,56.4,12.05
11371520,627407,VDDDD03229,1,0,1,1,5,16,10,0.3
11371520,627407,VDDDD03229,1,1,1,10,28.1,20.8,21.8,4.123
11371520,654308,G000000158,1,0,1,1,12.6,35.8,4.9,0.322
11371521,656075,G000000195,1,0,1,1,31.2,8.6,5,0.304
11371522,277183,VAAAA00028,1,0,1,1,5,14,5,0.11
11371522,277183,VAAAA00028,1,1,1,30,23,43,21,6.96
11371522,375303,G000208015,2,0,1,1,9,4.4,0.6,0.002
11371522,375303,G000208015,2,1,1,10,9.3,5.2,5.3,0.04
11371522,635330,G000310110,1,0,1,1,5,18,9.5,0.245
11371523,521845,G003606223,1,0,1,1,11.3,18.6,1.7,0.072
11371523,600193,VCCCC01029,2,0,1,1,6,17.8,5.9,0.206
11371523,600193,VCCCC01029,2,1,1,30,31.5,48.5,15.1,6.902
11371523,600194,VDDDD08365,2,0,1,1,6,17.7,5.8,0.136
11371523,600195,VBBBB00042,3,0,1,1,15,5.5,5.5,0.204
11371523,600199,VBBBB01023,2,0,1,1,5.9,17.6,5.9,0.128
11371523,622776,G000308170,1,0,1,1,11.3,19.5,1.6,0.07
11371524,664904,G000203231,1,0,1,1,15.3,13.3,4.4,0.184
11371525,663442,G001604027,1,0,1,1,12.8,40,13.1,0.908
11371525,663443,G001004015,1,0,1,1,12.5,40.4,13.3,0.898
11371525,663444,G003004030,1,0,1,1,12.6,40.3,13.1,0.902
11371525,663470,VAAAA00005,1,0,1,1,11.2,36.4,13.8,0.846
11371525,663470,VAAAA00005,1,2,2,147,111,111,80,142
11371526,485528,G001400017,1,0,1,1,12.5,20.5,8,0.13
11371526,485528,G001400017,1,1,1,8,26,31,10.5,1.248
11371527,279416,G001601009,6,0,1,1,15.1,6.4,10.3,2.356
11371527,279416,G001601009,6,1,1,5,17,37,13,12.21
11371528,630797,G001603008,1,0,1,1,10,21,2,0.078
11371528,654679,G000105218,1,0,1,1,14.3,10.2,1.8,0.048
11371528,666809,G000601016,2,0,1,1,9.1,19.3,4,0.066
11371529,241008,G002901012,1,0,1,1,11.1,32.9,18.4,1.664
11371529,241008,G002901012,1,1,1,10,39.5,57.7,35.5,17.472
11371529,241008,G002901012,1,2,3,250,110,193.5,120,488.725
11371530,277184,VBBBB01066,1,0,1,1,5.9,16.3,5.9,0.118
11371530,277184,VBBBB01066,1,1,1,60,23,44,20,7
11371530,431114,G001003019,5,0,1,1,2,11,16,0.23
11371530,431114,G001003019,5,1,1,20,20,24.5,19,5.02
11371530,467020,VDDDD07361,2,0,1,1,7,20,14,0.18
11371530,467020,VDDDD07361,2,1,1,5,15,36.5,20,1.05
11371530,618991,G000106221,1,0,1,1,14,7,7,0.12
11371530,618993,G000305029,1,0,1,1,3.5,10,11,0.12
11371530,618999,G000110199,1,0,1,1,3.5,10,11,0.12
11371530,619011,G001803005,5,0,1,1,3.5,10,8,0.14
11371531,204374,G000604025,1,0,1,1,22.8,35.4,12.2,0.812
11371531,204374,G000604025,1,1,1,3,37,69,15,2.98
11371531,708329,G003600239,1,0,1,1,27.9,19,1.4,0.088
11371532,456553,G001101010,1,0,1,1,39.9,29.6,17.3,2.332
11371532,456553,G001101010,1,1,1,3,42,54,30,8.22
11371532,457442,G001302005,2,0,1,1,20.9,9.8,7.8,0.168
11371532,457442,G001302005,2,1,1,10,10.5,54,22.5,1.84
11371532,625561,VDDDD06196,4,0,1,1,1,13,10,0.02
11371533,196887,VCCCC01007,1,0,1,1,31,44,27,24.78
11371533,255944,G002600030,1,0,1,1,11,34,13,0.83
11371533,255944,G002600030,1,1,1,12,43,52,37,11.8
11371534,672614,VBBBB02010,1,0,1,1,31,44.8,8.4,2.336
11371535,696346,VBBBB03009,1,0,1,1,37.8,28.9,8.4,2.474
11371536,657261,G000401027,1,0,1,1,18.8,26.4,2.3,0.116
11371537,404735,G002701022,1,0,1,1,11.4,11.7,3.9,0.052
11371537,404735,G002701022,1,1,2,60,20,58.5,17,3.4
11371538,703777,G002702015,1,0,1,1,13.6,17.2,1.5,0.074
11371538,703777,G002702015,1,1,1,30,39.3,18.4,14.8,2.352
11371539,640681,G000602015,1,0,1,1,38.1,47.8,7.6,0.664
11371540,696167,G001500004,1,0,1,1,50.7,35.3,6.1,0.77
11371541,697292,G003002006,1,0,1,1,28.2,19.3,10,1.4
11371541,697292,G003002006,1,1,1,6,40.2,32.1,31.3,9.132
11371542,548634,G001002008,1,0,1,1,4,10,10,0.18
11371542,548634,G001002008,1,1,1,10,13,25,22,2.3
11371542,548634,G001002008,1,2,2,1200,80,120,127,286
11371544,340635,VCCCC03006,3,0,1,1,12.9,16.6,6.8,0.208
11371544,340635,VCCCC03006,3,1,1,10,26.7,35.9,16.2,2.398
11371544,640696,G002804014,1,0,1,1,5,40,30,0.5
11371544,640696,G002804014,1,1,1,5,40,30,30,3.1
11371545,664081,G002000010,1,0,1,1,22.8,33.8,11.6,1.292
11371545,664081,G002000010,1,1,1,5,24.8,59.7,36.9,7.406
11371546,490805,G000107096,2,0,1,1,14,17,0.5,0.038
11371547,562801,G000903005,1,0,1,1,36.5,10.4,12.5,0.816
11371548,405930,G002701026,10,0,1,1,9.1,13.8,7.3,0.19
11371548,405930,G002701026,10,1,1,12,29.7,31.5,14.3,2.612
11371549,447086,G002803026,2,0,1,1,19.4,23.7,5.8,0.154
11371549,447086,G002803026,2,1,1,40,41,59,49,7.59
11371550,702156,VBBBB04015,1,0,1,1,55.6,34.9,7.3,2.814
11371551,691912,VBBBB04016,1,0,1,1,44.3,6.6,35.9,2.9
11371552,634515,VDDDD06247,1,0,1,1,3,10.5,13,0.12
11371552,634515,VDDDD06247,1,1,1,5,15,19,11,0.66
11371553,702014,VDDDD07246,1,0,1,1,18.4,8.9,3.4,0.342
11371553,702014,VDDDD07246,1,1,1,20,34.3,19.5,20.7,7.174
11371554,319627,VBBBB00058,2,0,1,1,8.7,13.4,4.6,0.12
11371554,319627,VBBBB00058,2,1,1,80,23,40,54,11.4
11371554,625970,G000400026,3,0,1,1,12.8,24.3,3.3,0.344
11371554,663470,VAAAA00005,1,0,1,1,11.2,36.4,13.8,0.846
11371554,663470,VAAAA00005,1,2,2,147,111,111,80,142
11371555,470637,G000701016,1,0,1,1,22,25,13.5,1.9
11371555,470637,G000701016,1,1,1,6,42,45,28,12.39
11371555,522661,VAAAA00023,1,0,1,1,22,5.5,2.7,0.126
11371555,522661,VAAAA00023,1,1,1,10,29,35,11,1.83
11371556,670504,VDDDD08246,1,0,1,1,15.3,10,0.5,0.066
11371556,670504,VDDDD08246,1,1,1,10,16.9,12,5.3,0.262
11371557,563323,VDDDD07220,1,0,1,1,30.7,20.4,4.1,0.158
11371557,563331,VDDDD10220,3,0,1,1,1,29,20,0.074
11371557,691276,VDDDD04197,1,0,1,1,17.8,7.5,1.4,0.034
11371558,380606,G000306080,2,0,1,1,6,18.5,3,0.07
11371558,515503,G000703020,4,0,1,1,22,39,12,1.2
11371558,515507,G002001020,8,0,1,1,7.9,18.9,7.1,0.188
11371558,663972,G000900031,10,0,1,1,33.9,54.2,9.3,4.076
11371559,457439,G001203012,1,0,1,1,9.9,20.8,8.9,0.194
11371559,457439,G001203012,1,1,1,8,12,58,24,1.822
11371560,366303,VAAAA00033,1,0,1,1,10.5,15.9,9.2,0.212
11371560,366303,VAAAA00033,1,1,1,20,33.9,57.8,21,5.064
11371560,366303,VAAAA00033,1,2,2,480,80,120,135,126.5
11371561,698033,VDDDD06217,1,0,1,1,14.1,10.2,2.4,0.024
11371561,698033,VDDDD06217,1,1,1,25,37.4,14.1,11.9,0.728
11371562,634552,VDDDD07217,1,0,1,1,10.1,15.1,1,0.022
11371562,634552,VDDDD07217,1,1,1,25,11,15.5,16.6,0.664
11371563,650619,VDDDD06063,1,0,1,1,13.2,8.3,2,0.092
11371563,650619,VDDDD06063,1,1,1,10,15,20.3,20,1.346
11371564,704810,VDDDD05219,1,0,1,1,16.6,10.1,3,0.328
11371564,704810,VDDDD05219,1,1,1,10,21.9,26.8,20,3.978
11371565,704422,VDDDD10217,1,0,1,1,17.9,9.6,3,0.378
11371565,704422,VDDDD10217,1,1,1,10,27.3,23.4,21.7,4.676
11371566,397910,VDDDD11073,1,0,1,1,21.1,56.2,5.1,1.346
11371566,397910,VDDDD11073,1,1,1,5,26.5,57.6,24.2,7.468
11371566,397910,VDDDD11073,1,2,2,150,80,120,132,235
11371566,691910,VDDDD11057,1,0,1,1,44.3,7,35.6,2.948
11371567,437568,G000703015,1,0,1,1,28,41,2,0.24
11371567,437568,G000703015,1,1,1,10,33,42.5,23,3.2
11371568,464769,VAAAA00006,1,0,1,1,8.8,10.6,4.9,0.06
11371568,464769,VAAAA00006,1,1,1,10,19.2,19.5,12.9,0.87
11371569,610815,VAAAA00017,1,0,1,1,6.7,8.1,2,0.034
11371569,610815,VAAAA00017,1,1,1,10,11.3,14.8,14.8,0.454
11371570,624880,VAAAA00034,1,0,1,1,6.7,8.2,3,0.086
11371570,624880,VAAAA00034,1,1,1,10,15.8,21.3,14.8,1.212
11371571,640153,VCCCC02022,1,0,1,1,1,13.5,18,0.054
11371571,640153,VCCCC02022,1,1,1,30,14,28,18.5,1.736
11371572,320337,G001500001,2,0,1,1,34.9,14.7,10.8,0.44
11371572,320337,G001500001,2,1,1,8,44.3,36.4,31.6,4.148
11371572,320337,G001500001,2,2,2,160,144,180,120,104
11371572,419345,G000603008,1,0,1,1,3,21.5,6,0.2
11371572,419345,G000603008,1,1,1,18,20,22.5,19.5,3.88
11371573,624880,VAAAA00034,3,0,1,1,6.7,8.2,3,0.086
11371573,624880,VAAAA00034,3,1,1,10,15.8,21.3,14.8,1.212
11371573,635556,G002502010,1,0,1,1,8.3,8.3,2,0.086
11371573,635556,G002502010,1,1,1,10,10.4,21.7,14.2,1.016
11371573,672036,VAAAA00031,4,0,1,1,6.7,8,2.3,0.034
11371573,672036,VAAAA00031,4,1,1,10,12.1,14.5,15.3,0.472
11371574,627407,VDDDD03229,1,0,1,1,5,16,10,0.3
11371574,627407,VDDDD03229,1,1,1,10,28.1,20.8,21.8,4.123
11371575,704703,VDDDD03227,1,0,1,1,21.1,11.4,1.4,0.096
11371575,704703,VDDDD03227,1,1,1,4,30.7,20.7,5.7,0.576
11371576,588303,VDDDD05230,1,0,1,1,1,15.2,10.2,0.0035
11371576,588303,VDDDD05230,1,1,1,25,11.1,15.6,16.5,0.4695
11371577,281443,G003101002,1,0,1,1,9,16,10,0.34
11371577,281443,G003101002,1,1,1,20,37,51,19,7.65
11371578,440515,G003202027,1,0,1,1,6.8,8.3,3.3,0.082
11371578,440515,G003202027,1,1,1,10,14.9,23.1,15.1,1.03
11371579,218389,G000404014,1,0,1,1,18,5.4,7.3,0.176
11371579,218389,G000404014,1,1,1,16,19,47,19,2.37
11371579,218390,G000005136,1,0,1,1,6,18,7,0.13
11371579,218390,G000005136,1,1,1,16,19,47,19,2.42
11371579,218391,G000503018,1,0,1,1,18.1,7.1,5.4,0.184
11371579,218391,G000503018,1,1,1,16,20,47,19,2.5
11371580,405977,VBBBB01068,1,0,1,1,5.7,22.2,2.5,0.128
11371580,405977,VBBBB01068,1,1,1,10,29.1,36,14.9,1.864
11371581,698304,VDDDD11040,1,0,1,1,49,7.3,29.4,2.566
11371582,702057,G000206146,1,0,1,1,16.7,4.3,1.2,0.04
11371582,702057,G000206146,1,1,1,10,16,11.8,5.1,0.406
11371583,564992,G000207115,5,0,1,1,11.5,8.1,1.7,0.102
11371583,564992,G000207115,5,1,1,12,14.3,11.1,9.3,1.214
11371584,522433,G000005239,3,0,1,1,13.2,17.3,3.3,0.152
11371585,199756,G001400004,2,0,1,1,14,24,4,0.45
11371585,199756,G001400004,2,1,1,55,35,53,26,24.2
11371586,370308,VCCCC00033,3,0,1,1,19,26,3,0.26
11371586,370308,VCCCC00033,3,1,1,42,22.6,49.6,56.4,12.05
11371587,682239,VCCCC02005,1,0,1,1,59.9,34.7,7.5,3.982
11371588,306645,G000207070,1,0,1,1,6,10,2,0.03
11371588,572342,VCCCC01033,1,0,1,1,1,18,10,0.116
11371588,572342,VCCCC01033,1,1,1,20,12,38,14,2.576
11371589,679170,VCCCC02007,9,0,1,1,39.2,6.8,23.8,1.592
11371590,576735,VCCCC03006,1,0,1,1,24,10.2,21.8,1.43
11371590,576735,VCCCC03006,1,1,1,2,19.9,22.4,22.2,3.128
11371590,576735,VCCCC03006,1,2,2,200,80,120,126,326
11371591,613835,G001003012,1,0,1,1,5,37.5,11.5,1.764
11371591,613836,G000405003,1,0,1,1,3.5,57.5,11.5,1.162
11371591,613837,G001403013,1,0,1,1,3.5,57.5,11.5,1.156
11371591,613838,G000604011,1,0,1,1,3.5,57.5,11.5,1.164
11371592,685781,VDDDD08199,2,0,1,1,10.8,5.4,0.8,0.014
11371593,638204,VDDDD10200,1,0,1,1,1,14,18,0.07
11371594,710152,VDDDD05199,2,0,1,1,14.5,5.1,1.1,0.016
11371595,699557,VDDDD06197,2,0,1,1,15.2,10.2,0.5,0.012
11371595,699557,VDDDD06197,2,1,1,50,18.5,11.3,16.9,0.718
11371596,601699,G000901027,1,0,1,1,21.5,19,5.5,0.434
11371596,601699,G000901027,1,1,1,10,24,39.5,29,4.884
11371596,707872,G000701030,1,0,1,1,30.7,22.1,5.8,0.85
11371596,707872,G000701030,1,1,1,10,32.6,58.4,25.6,9.398
11371597,259579,G003103014,1,0,1,1,16.6,39.3,27.7,1.182
11371597,259579,G003103014,1,1,1,6,38,49,47,9.37
11371597,434436,G002301021,3,0,1,1,8.2,11.9,1.6,0.1
11371597,434436,G002301021,3,1,1,12,14.8,17.6,6.2,1.236
11371597,434457,G002303022,3,0,1,1,8,12,1.5,0.06
11371597,434457,G002303022,3,1,1,12,12.5,16.5,4,0.61
11371598,680480,VBBBB04022,1,0,1,1,50.4,29,7.8,2.292
11371599,671123,VBBBB03022,3,0,1,1,33.1,10.1,18.9,0.868
11371600,704331,VDDDD07196,2,0,1,1,13.5,13.1,9.3,0.32
11371600,704331,VDDDD07196,2,1,1,4,38.4,14.1,15.3,1.458
11371601,624960,G002404029,1,0,1,1,20.2,49.5,7.4,1.696
11371601,624960,G002404029,1,1,1,5,38.7,56.6,25.7,9.588
11371602,701635,VBBBB03017,1,0,1,1,48.8,31.2,7.2,2.208
11371603,501170,G000600027,2,0,1,1,22.9,22.8,7.6,0.944
11371603,501170,G000600027,2,1,1,10,23,45.7,27.5,9.566
11371604,665782,VCCCC02019,1,0,1,1,8.2,14.9,2.8,0.268
11371604,665782,VCCCC02019,1,1,1,10,20.7,27.1,18.8,3.49
11371605,704937,VDDDD09195,1,0,1,1,25.9,19.8,0.8,0.024
11371605,704937,VDDDD09195,1,1,1,10,23.2,20.4,7.6,0.31
11371606,230595,G000505006,1,0,1,1,11.6,34.1,15.1,0.95
11371606,413717,G001802001,6,0,1,1,8.7,15.3,4.1,0.11
11371606,413717,G001802001,6,1,1,100,44.5,46,29.3,11.73
11371606,706742,G000307152,3,0,1,1,16.3,13.7,2.8,0.04
11375250,627179,G001203005,1,0,1,1,21.6,16.1,5.8,0.252
